title,price,price_text,condition,shipping,location,seller,watchers,sold_count,time_left,buy_it_now,free_shipping,best_offer,auction,link,image_url,scraped_at
Nike Air Jordan 11 Retro Low Bred FV5104-006 Men's & GS Size New,139.99,$139.99to$209.99,Brand New,Shipping not specified,Located in United States,N/A,0,0,N/A,True,False,False,False,https://www.ebay.com/itm/267243868409?_skw=nike&epid=24068895680&itmmeta=01K3FQRD22JQM1TXAQR7PWSBYC&hash=item3e38f9d0f9:g:UyoAAOSwpvdoHA1g&itmprp=enc%3AAQAKAAAA4FkggFvd1GGDu0w3yXCmi1dTR6eAYjuujySMvbaXJfX73fHU9tagS%2B70n9l5VbQFVT1q4rGTyjzoZQGQE52iuCCOuwLOvJrEBxIi4IDQXIkdmkTaY6Qd31q2ihzCOr9BURzrwVi2%2BKmQRaNZdQ%2BzZrWdXO%2B8h003kHnzWaom9LOWnJ04RC9y5z%2FgkTfAMRlgnErEc1O23JOJ2xMKN7pC1EJvoaBHNWZMp6cZVVx7uddLyTU0yI%2FpgI5QlamflCvB8FrCcujvHws98rU3Axz7WHlfMxV9atp9y7EA%2BcK%2Fdt12%7Ctkp%3ABk9SR7DR4febZg&pfm=1,https://i.ebayimg.com/images/g/UyoAAOSwpvdoHA1g/s-l500.webp,2025-08-25T12:28:36.722079
Nike Air Max Command Mens US Size 7-15 Black/White Running Casual Shoes NEW✅,87.58,$87.58,Brand New,N/A,Located in Australia,N/A,0,0,N/A,True,False,False,False,https://www.ebay.com/itm/225272243923?_skw=nike&epid=26058781072&itmmeta=01K3FQRD22H3Q5CBPTJH2E0SMQ&hash=item347345a6d3:g:JXwAAOSwVKBjhHtE&itmprp=enc%3AAQAKAAAAwFkggFvd1GGDu0w3yXCmi1eS8K0bHiXs9uLzfjeXGHpHYeGaikZxUXf6dzHQgI3E0AidpeMP0MLeb5GCR5SKMA6aRim5fUcenbu0hDlGULzWEAKR%2BfFypFgDZ34bFLIqoFkDLY%2BL4UeCQQqAC5F%2FoO8Areul07ohTEdMKD22MdLqGxdskh%2BELFbFZiAh4aF%2B9cXIvpKAo%2F1gvyJ3ww8XeliZPQp0vPuNoxtbFtH1VYiZmFgb1Sbb9SFM43NitKUfQw%3D%3D%7Ctkp%3ABk9SR7DR4febZg&pfm=1,https://i.ebayimg.com/images/g/JXwAAOSwVKBjhHtE/s-l500.webp,2025-08-25T12:28:36.722079
Nike Air Max SC men's sneakers sports shoes shoes sneakers casual shoes,89.05,$89.05to$93.73,Brand New,N/A,Located in Germany,N/A,0,0,N/A,True,False,False,False,https://www.ebay.com/itm/196898540734?_skw=nike&itmmeta=01K3FQRD22YJDGRDQMFA0NENP5&hash=item2dd8114cbe:g:vM8AAOSwapdnYUp4&itmprp=enc%3AAQAKAAAA4FkggFvd1GGDu0w3yXCmi1fFz9Pv6427WipN3wGqx%2F6SmE0CSb0POu0QLtwhZyPhM2jFgmu13HMmxq77VhX4%2BfWfwCJeRay08c265I2q2bvBaw4CA8qX2%2B0GzqX4gaEsx03EHKc8dtsp5%2FeyUDJfM8AqdNDIdNXLjOz7rpccVEIDDgXfUq6i157WMXK3lvLy0Bfzd0RsYpUsJW5NfT%2FoJcnEV9VuDs176J6k5vkYJGVIqTsqOAd0akD5gziv80CN6sW61GvRQQeHjnUcTYNzC3kXbU2jvlv1GwBxfZ3zRy13%7Ctkp%3ABk9SR7DR4febZg&pfm=1,https://i.ebayimg.com/images/g/vM8AAOSwapdnYUp4/s-l300.webp,2025-08-25T12:28:36.722079
NIKE WMNS Air Rift Breathe Triple Black DN1338-004 Women's Sneaker,117.99,$117.99,Brand New,Free International Shipping,Located in Japan,N/A,0,0,N/A,True,False,False,False,https://www.ebay.com/itm/306294227807?_skw=nike&itmmeta=01K3FQRD22J9VVH37X5J94PY4G&hash=item47508f035f:g:584AAOSw6EdoItSU&itmprp=enc%3AAQAKAAAA4FkggFvd1GGDu0w3yXCmi1cCcNTItrwPUhGHezx2HmD1YLtudJs3jtI9tXQaVyW6dLMKipeUb%2B3iygnen0%2FaiUa2Fw%2FqB%2BAm9wSoU6P51Zj0ZKUUi6AcNDpOqMAhuGH1Ad6Apm5U4xFq3bLzhzB6YXiP3Xj3%2B4DsQk%2F4oQFa0oRDpUla7N3LG5zyCcHsRitc4QlD9M62KsIKiPqDDpExhvsCfGH0SnrStp4gX2htPzQiy8zPVAyqJusqPW0MgwJibTb5rzgxZ%2Bj1VFEZ4ujbqRZcbZgyqS%2BatMxlrS2uMNUg%7Ctkp%3ABk9SR7DR4febZg&pfm=1,https://i.ebayimg.com/images/g/584AAOSw6EdoItSU/s-l300.webp,2025-08-25T12:28:36.722079
NIKE Shox R4 HQ1988-600 University Red Black Metallic Silver Men's Size,179.39,$179.39,Brand New,Free International Shipping,Located in Japan,N/A,0,0,N/A,True,False,False,False,https://www.ebay.com/itm/396348147344?_skw=nike&epid=18075290188&itmmeta=01K3FQRD22S18P96QTVFG1XDZC&hash=item5c4830c690:g:AowAAOSwTQ5n98uX&itmprp=enc%3AAQAKAAAA4FkggFvd1GGDu0w3yXCmi1fOr0sP0U4zJsetwVmW23Kuqn1QuXPt1foC2wgOc5o4QXoeTKmdVohrKCAPs4mRgHWq232xTWqhcipRxhNYnOUCsoKaHxeSMXN48Hhwz%2F8VgZwtKA%2FuDfr2MlcDs2ySxkI3VXr34rd6tPN5NklZze9cdoyuwVDUgsGXG9fiIIUrIibP2X5Dz7vRRsV91Ev2b51A85yQFer0JTv2ZM0T3IdJD5Sr2BEt5td87pdmVX7jzkbAUhYUddYez03i0Cp9Qh7ASg0Bhr46DADrq0C6J1RM%7Ctkp%3ABk9SR7DR4febZg&pfm=1,https://i.ebayimg.com/images/g/AowAAOSwTQ5n98uX/s-l300.webp,2025-08-25T12:28:36.737734
Nike Air Max 2017 'Oreo' White/Black Mens Size US 8-14 Casual Sneakers Rare New✅,97.35,$97.35,Brand New,N/A,Located in Australia,N/A,0,0,N/A,True,False,False,False,https://www.ebay.com/itm/226152565807?_skw=nike&itmmeta=01K3FQRD22XKPVYYQ2KBZXZWAG&hash=item34a7be4c2f:g:dycAAOSw~apmAlzs&itmprp=enc%3AAQAKAAAAwFkggFvd1GGDu0w3yXCmi1fQ3Cl6YcCj5DYIwawbi1YoWfhIt5OwJkGqbKU0KTXWqGk5HlR3%2FVtCFR138IhDpSmHyShJ5K9kzQI2McZ%2BbYLAalcm0uUQL0is8HUJuxp3oDYa4NpoBBXs66PsRx4DeNjxcTJH%2Fs4CTjPshEHonb250IYxOW3HWN6iOJf936rzuAjI%2BdZcOoy5W1fX1bofkdsiwpYrn2AkJMx6E1pYIFhEDNUDG0m3ggDiYyrtuj1rTw%3D%3D%7Ctkp%3ABk9SR7DR4febZg&pfm=1,https://i.ebayimg.com/images/g/dycAAOSw~apmAlzs/s-l300.webp,2025-08-25T12:28:36.737734
New Nike Air Trainer Huarache Shoes - Black/ Cool Blue (IH4470-001),184.2,$184.20,Brand New,N/A,Located in South Korea,N/A,0,0,N/A,True,False,False,False,https://www.ebay.com/itm/177319066792?_skw=nike&epid=13084178636&itmmeta=01K3FQRD22BVMJR2FVMY6114D3&hash=item29490a3ca8:g:ph4AAeSwbzZok2po&itmprp=enc%3AAQAKAAAAwFkggFvd1GGDu0w3yXCmi1enTHzJ4EDRUN9M924Pm4lZ%2BJ3djdmHohjp5NCX5AGWjyExq47gyKnGcA3JP3tKSBKqQuf%2FPqlz9bxj3JQMN5zpAeLYEaTYwxlBxRoYfC8yQKno2Eqbqfimnsw1YtIsvl886hLMD8EauH0X2fuacguVbOHK5T904mlg%2FH66mhHltfmSsbALf7TBjqeQVtqEPptiQ%2B%2BFEdN6jxPMzaTdU3Xi0XH3YHLosVm5P35lUKKyJw%3D%3D%7Ctkp%3ABk9SR7DR4febZg&pfm=1,https://i.ebayimg.com/images/g/ph4AAeSwbzZok2po/s-l300.webp,2025-08-25T12:28:36.737734
Nike Air Force 1 Low White Men Women Sneakers Leather Sports Shoes Casual,87.87,$87.87,Brand New,Free International Shipping,Located in Italy,N/A,0,0,N/A,True,False,False,False,https://www.ebay.com/itm/157249481854?_skw=nike&itmmeta=01K3FQRD22R9757RW8ZT6RE5JX&hash=item249cccac7e:g:FlYAAeSwFwxooPDn&itmprp=enc%3AAQAKAAAA4FkggFvd1GGDu0w3yXCmi1eyPKQpR3GjF4tMYkaYASjzM%2B8O5nzPtoLnAlaA%2BEr3hKMDDnz7MiVgWOrzwEZCp0OtNgMUB90G7JcC8Q3O%2BbNt2fd6Snkkc7klVAqVUY7dVhfuBHE9BzvDCog2o1wiHl6IL9SLZP16NVMzyLqF2HSqHbQ0UGLlH8dF8fH9oJmlPux8Durp0feHuZPMyLqU3aYl%2Fhfcj%2F7hErheUpf26X4FotKS1dKNbidDrc7AknF9tSQNdEh0egcyP5eYZ57b69XH%2FAEqddpLn4dCm6BGdPRf%7Ctkp%3ABk9SR7DR4febZg&pfm=1,https://i.ebayimg.com/images/g/FlYAAeSwFwxooPDn/s-l300.webp,2025-08-25T12:28:36.737734
Men's Nike Air Huarache 2024 Triple Black Classic Retro Nike ID authentic,185.0,$185.00,Brand New,N/A,Located in United States,N/A,0,0,N/A,True,False,False,False,https://www.ebay.com/itm/267098448337?_skw=nike&itmmeta=01K3FQRD228X5GZCHBRNEFWTSQ&hash=item3e304ee1d1:g:ixIAAOSw4t1nX7ig&itmprp=enc%3AAQAKAAAA4FkggFvd1GGDu0w3yXCmi1eAQWP3Ox6Hpyx0Gj7TQq2ilpnLXgJBUxLAW5g1Jb1L%2Fzru9iwT3HMVqBLaJ18Xcjm8mWLfS4sjWVB2ZWGCqJtOjtdmWQT6XP27sugzZVwGw%2FJU28xxRtcXiYCVXP61nZXMWZqndi0Rtq%2FhqPC%2BQu6Sy6DxBwynQTNcvgbCkGXcJzo9qC9JxvqOMNEhlKPzqs85RicABwSKuDQ2JOOIRYdKk31ABxbT%2FlmrJPJuOM21Ojg9zhLf42LFMrdAPH08%2Fd9d5uXosbY8yoMpyAgm%2B%2FWw%7Ctkp%3ABk9SR7DR4febZg&pfm=1,https://i.ebayimg.com/images/g/ixIAAOSw4t1nX7ig/s-l300.webp,2025-08-25T12:28:36.737734
Nike Air Force 1 Low Supreme Black CU9225-001-05.0 Men's,165.95,$165.95,Brand New,N/A,Located in United States,N/A,0,0,N/A,True,False,False,False,https://www.ebay.com/itm/314851828184?_skw=nike&itmmeta=01K3FQRD22H8NK3ZJSCAXS53HP&hash=item494ea1a1d8:g:puwAAOSwbDhlMsJ5&itmprp=enc%3AAQAKAAAA4FkggFvd1GGDu0w3yXCmi1eZe%2FCMoJxkjEGg5N3FCk6yZMxhK2CxoKleZQpR%2F7E2DvLdvOOprHPuOmAWZKleOx03LWkHONPNqzVrNHaXYZl%2FR4X8kqvkHqJ3iqg0FX7zBWX3hOnx9SVKCxtXiFJhUSKlDQ6IrZkMNTH4RGyOzDpD%2B75tGYuL38ALVK7R%2BvH35AE4y%2FjurJVNU0EL5mCIc5f4aTf%2Bpd%2FstfltAVK0E5%2BPCDrYJjRBmnStfGdxBxNj7yO%2B8OtEsnMCd6gJbJPE2eQ4E6Ak1QNzoqsgKksyUBA7%7Ctkp%3ABk9SR7LR4febZg&pfm=1,https://i.ebayimg.com/images/g/puwAAOSwbDhlMsJ5/s-l300.webp,2025-08-25T12:28:36.753387
Nike Total 90 3 SP White / Black / Metallic Gold HJ9351-101 Men's US3-14 NEW,123.82,"$123.82to$5,270.65",Brand New,Free International Shipping,Located in Japan,N/A,0,0,N/A,True,False,False,False,https://www.ebay.com/itm/205533287896?_skw=nike&epid=15076709750&itmmeta=01K3FQRD22HQ7DR2PHJ8N2XC2R&hash=item2fdabd15d8:g:qq0AAeSwxr1opV0-&itmprp=enc%3AAQAKAAAA4FkggFvd1GGDu0w3yXCmi1cf4Va7JATrNvOgdgkT%2BQfu3M2ucIVrExbRLJULSpKjuf%2B%2FL6jgMcbjaYxrFocsJlQrYHwr6v5qOYuZv%2BrbuVmV%2FLws9LoJqTo%2Bg3Pf6yq7y6%2FYwdh4ek8cDncbpy14XxFiMHcAMQvIOfpzvCbcGBoU0eu0ovnxvVE--lu%2Bw4n6SQ7ZzfBzCqn8OhhvyYp0OdZMcYe3DJMW%2BxZ4BRD3czjdg1akXByy9%2FlNoXltykWuuwgSXgYbqBPRi1uR6jFm8%2FgeFB6Ihl4CdCSWg4gLtBUn%7Ctkp%3ABk9SR7LR4febZg&pfm=1,https://i.ebayimg.com/images/g/qq0AAeSwxr1opV0-/s-l300.webp,2025-08-25T12:28:36.753387
"Nike Air Jordan 1 Mid SE ""Black Denim"" HJ4363-001 Men's  New with box",135.0,$135.00to$182.00,Brand New,Free International Shipping,Located in Japan,N/A,0,0,N/A,True,False,False,False,https://www.ebay.com/itm/388036697741?_skw=nike&epid=8071294094&itmmeta=01K3FQRD22R2TRKP21DCCHN8BD&hash=item5a58ca1e8d:g:g00AAOSwC8pnyD8h&itmprp=enc%3AAQAKAAAA4FkggFvd1GGDu0w3yXCmi1fbdVmIIheQKU3Tv9%2BYXDrewINuCB5EWqshCJYarXIQgAydY%2BfX8Cfs6yAQgXpss28S86DYXwzg8T5rMfzakF1YB3Z%2BPRaWjItF2Kz8cNM9IGJCQYCYllixvnAsK0ZYSOOlfKonXcDflJLpuzr40%2BzMbE%2FqSsMlwsfp%2FqP1KxoHbHvuYord1%2Bsv01Lk132i%2F6HELCU8uNuFz6%2FlMCHr%2F%2B7R5vLxAlNRAFOD72t%2FMKkMn%2F3Z5O7Ty06w5DUl0krUWk3s22YOMFdUBdDI%2F3xVmv3p%7Ctkp%3ABk9SR7LR4febZg&pfm=1,https://i.ebayimg.com/images/g/g00AAOSwC8pnyD8h/s-l300.webp,2025-08-25T12:28:36.753387
HQ1931-400 Nike Dunk Low Retro SE Armory Navy Summit White (Men's),183.0,$183.00to$440.00,Brand New,Free International Shipping,Located in Japan,N/A,0,0,N/A,True,False,False,False,https://www.ebay.com/itm/256679635625?_skw=nike&epid=26072258816&itmmeta=01K3FQRD22TPNYTVDTGQZ3ZT0S&hash=item3bc34c6aa9:g:fwUAAOSww6BnlyF3&itmprp=enc%3AAQAKAAAAwFkggFvd1GGDu0w3yXCmi1eV%2Bj%2Fh%2BWWUpYj%2BHtbWkD3y8697ScvLksp3CUwJ8f4eMeqTxFMjKJWldv73dx%2FVhLSMgvZEKgPezUoXQosMec%2FhaorXprkpPAeQ%2Batuie4HfUpN9udNo%2F%2B4Hm%2F7TKR11ij82x6pgpGsneukzuMukRP%2B62VIIP3ML2ye0enkobHEqS5EkAMCoyFWNCHK5SOEiY5OPP0PGJ0FtUsPwblkJ8OTbHgD%2FEq34d2d3IZei9Afew%3D%3D%7Ctkp%3ABk9SR7LR4febZg&pfm=1,https://i.ebayimg.com/images/g/fwUAAOSww6BnlyF3/s-l300.webp,2025-08-25T12:28:36.753387
New Nike Travis Scott x Air Max 270 React ENG Cactus Trails Size 10.5 Mens TS,319.99,$319.99,Brand New,N/A,Located in United States,N/A,309,0,N/A,True,False,False,False,https://www.ebay.com/itm/326292226350?_skw=nike&epid=26039819473&itmmeta=01K3FQRD22073AHYSTGRHA7WRE&hash=item4bf888412e:g:VuEAAOSwkb5m~snB&itmprp=enc%3AAQAKAAAAwFkggFvd1GGDu0w3yXCmi1dCqdg2BcJ8EY81hbm6Yoxva9wKah1hIvg792EmZf24ja4K7q2XrO9%2FBKyejRqoeov2qDHMz%2F5omN%2BOOgNhCzxOMmyQQ2y0EhoPgcFhRL5EF%2BSXreI5UAuz5eRQ8OQBdK5sDw4YyELnHIL7FBnYxeV%2FvaYazzZ60eApD0pBGA2AHaXOIdX531TnTqMZuyeVF6OBVrknXVzV5ItaD8PpHPTftQjW0s55rFL4a8HIvyXHOg%3D%3D%7Ctkp%3ABlBMULLR4febZg&pfm=1,https://i.ebayimg.com/images/g/VuEAAOSwkb5m~snB/s-l300.webp,2025-08-25T12:28:36.753387
Oval Wide Fat Thick Premium Shoelaces Replacement for Nike SB Dunk,9.99,$9.99,New (Other),N/A,Located in United States,N/A,0,0,N/A,True,False,False,False,https://www.ebay.com/itm/174314156794?_skw=nike&itmmeta=01K3FQRD226BB1BQJJ8DAAZ8TK&hash=item2895eef2fa:g:BlgAAOSwuSdi5hZD&itmprp=enc%3AAQAKAAAAwFkggFvd1GGDu0w3yXCmi1eD96Hr1hUFfUkYv2Bc7gAiah6BOZjVoD4nNeNKTzY8HKy0l0q5lT3zmcnG8V3LAJZ%2FKl%2FI%2Bf3rafU8SEr4aaKQyvZnIM3EWQiCbtxWMlt%2Bk6h8l1YMpFpmWGAL1K7wKeSkXMbTImf2N14qtEnazh3Av13RGQLeo4QPta9dBhx1O4jpJezV34hBgJwu0kDqdzl13EtQtQfqHeNtLBVMNZR7jnEqkDb3FeUoeCa2c8Dp5g%3D%3D%7Ctkp%3ABlBMULLR4febZg&pfm=1,https://i.ebayimg.com/images/g/BlgAAOSwuSdi5hZD/s-l300.webp,2025-08-25T12:28:36.769230
Nike Dunk Low Mens Sneakers™,199.99,$199.99,Brand New,Shipping not specified,Located in United States,N/A,94,0,N/A,False,False,True,False,https://www.ebay.com/itm/396109771069?_skw=nike&itmmeta=01K3FQRD226T28SSZYEJBGA3RY&hash=item5c39fb713d:g:XicAAOSwjP5netux&itmprp=enc%3AAQAKAAAAwFkggFvd1GGDu0w3yXCmi1cNW82lFFiNzEHDWRGBSdsbThn2zxh%2BD7cWtXonLZH1l%2FPE2HFyNE6UDcx13kXHhQKOXKngcmnIz3FMRjWpG27%2BsHW%2BoooF19JnTcl4sLy62pt%2B9dkRql86xrZ7LlUN7AWAAkOiI%2BNR8s6tfWHMXrcceufX27jqJHbPOFLtl5iMHrAhVARQyD5xkflyNkT1ze1vXZDYjCv%2BSXGDeQmR5c7aDqce83XvCy9oBEwdH0Gg%2BQ%3D%3D%7Ctkp%3ABlBMULLR4febZg&pfm=1,https://i.ebayimg.com/images/g/XicAAOSwjP5netux/s-l300.webp,2025-08-25T12:28:36.769230
Nike Air Jordan Mule Men's Golf  Shoes Sneakers Fast Shipping FJ1214-004,121.26,$121.26,Brand New,N/A,Located in South Korea,N/A,0,0,N/A,True,False,False,False,https://www.ebay.com/itm/236052218235?_skw=nike&itmmeta=01K3FQRD22VZM5B36FGNB7MQMT&hash=item36f5cf017b:g:ticAAOSwi8pn~KGr&itmprp=enc%3AAQAKAAAAwFkggFvd1GGDu0w3yXCmi1eETJMvI%2FFr8f0aBgQ98tDrd4UHq1JhPp%2F9nfLrsZp9Xxm2wi5t8YvW6Dp4M6uHLPUDIUcMlBMveBdaOdcs%2FN4HAMM4KMo5m7oSAS%2BgiUSn2blrfn%2FnI7BIKFAD6JpfuAs6P2s6IpN8yRTPqomnhGuHBAd%2BczB%2BMpUBepfVqZ%2Fmkwfoju%2F04nx3QV6oMRVKEz97D%2FCITVvRZDiP7hS348tsn1NoIlZwtnGGnccCEncYRQ%3D%3D%7Ctkp%3ABk9SR7LR4febZg&pfm=1,https://i.ebayimg.com/images/g/ticAAOSwi8pn~KGr/s-l300.webp,2025-08-25T12:28:36.769230
Nike Dunk Low Sail Wheat Orange Men Classic Casual Shoes Sneakers HM3729-181,89.56,$89.56,Brand New,Free International Shipping,Located in Taiwan,N/A,0,0,N/A,True,False,False,False,https://www.ebay.com/itm/197152197608?_skw=nike&epid=2341684911&itmmeta=01K3FQRD22B5N86C5QJ9Z057JR&hash=item2de72fcbe8:g:j4sAAOSwRZ9n5VbZ&itmprp=enc%3AAQAKAAAAwFkggFvd1GGDu0w3yXCmi1c8BxO%2FNe028TURWKcqcs5ZjHACRzYLKn3Y48Mg4z7GhE2buif5GC0WxmVUshlsH%2BLHGzsTUHaPKcSjHOuMFyPpudYmJJZyL9JH2vvX5N8mivJtKiDYz4tp9DhgOOPHxUKWcFILBk4XjRK6ldqNzdCJXmOuQmr%2BXqqWsZq%2F6UiSnlnmHQT8kb1ANvumHIaPlniq%2BYBI6pAmvfDOzZHD906Hj5WG5qF2kMawaNckBfFMhg%3D%3D%7Ctkp%3ABk9SR7LR4febZg&pfm=1,https://i.ebayimg.com/images/g/j4sAAOSwRZ9n5VbZ/s-l300.webp,2025-08-25T12:28:36.769230
Men's Nike Cortez Prm Leather 2024 Triple White All White Nike ID Authentic,175.0,$175.00,Brand New,N/A,Located in United States,N/A,0,0,N/A,True,False,False,False,https://www.ebay.com/itm/266812615303?_skw=nike&itmmeta=01K3FQRD22QH98H5DS7YDN0685&hash=item3e1f456a87:g:IEoAAOSwjr1mQ~qw&itmprp=enc%3AAQAKAAAAwFkggFvd1GGDu0w3yXCmi1d5Eq1CbVw5NSwAtxh4Imb1z67TIN4aU7eKkmHAvpHTUWgxC4FQZa9Na9KrlqLK2fpAcsZfCv09wy2CqE6Kj1nw01ZJivnxQMYbw%2FkYT8fnY8rjiSAuVtch7RBSyYMt6vnBfuMVpJGmdEWdF2ojEhQ4n45jap9l37XmIPBWOjkuUBuQJGkPn%2B7sXNG4cA7fMcpcL8fr4jzk5mZEtz8YDsHosEXZM%2B3viDz39QC1Ze3teA%3D%3D%7Ctkp%3ABk9SR7LR4febZg&pfm=1,https://i.ebayimg.com/images/g/IEoAAOSwjr1mQ~qw/s-l300.webp,2025-08-25T12:28:36.769230
Men's Nike Cortez Prm Leather 2024 Blue Game Royal Swoosh White Nike ID,175.0,$175.00,Brand New,N/A,Located in United States,N/A,0,0,N/A,True,False,False,False,https://www.ebay.com/itm/266785347403?_skw=nike&itmmeta=01K3FQRD23JMAVXW59JZY6CAY4&hash=item3e1da5574b:g:HvQAAOSwopBmT~4J&itmprp=enc%3AAQAKAAAAwFkggFvd1GGDu0w3yXCmi1cHG81jwf%2FrcJMubhiy0jGSZn5y3QKWy6Etjki2ac84G5g58Vam9CKE%2BeSzzx9SInAYE7I%2FBg%2FXtbp9QPkuskcvjT%2FCdNtxNg5isyllKJjQW9ozcBz9%2FB19w1FXv3spkFcrkTPg%2FQL4ssaKHm5Slivedm9FESVq8f9dtoScYsIGGzG9xpYwayycrtzm90l46WGq9b4jGUqXelJ2wE%2FKd%2BR95%2BlNK7fHoFpMuIfS2sCtQw%3D%3D%7Ctkp%3ABk9SR7LR4febZg&pfm=1,https://i.ebayimg.com/images/g/HvQAAOSwopBmT~4J/s-l300.webp,2025-08-25T12:28:36.785357
Nike Air VaporMax Flyknit men's air cushion shoes US8-12 brand new,144.49,$144.49,Brand New,N/A,Located in United States,N/A,0,0,N/A,True,False,False,False,https://www.ebay.com/itm/167576011680?_skw=nike&itmmeta=01K3FQRD231DC63FKWG31KRZ68&hash=item27044f03a0:g:BWMAAOSwt9FoR5qf&itmprp=enc%3AAQAKAAAAwFkggFvd1GGDu0w3yXCmi1dbvuCPZ98iChYgyAc5NPY8EZXBVdVR6Mjsp7lcIqsjSbLhlU4GP4rc7I4YlD1A%2FX%2BQ4qZynJoTlJsml6pkiZOSZMO%2FkTOQchV7ZPyOr4hfHkoGd6q%2F1H1IlP6t--4NAUORBPkK8vUpjbvvW1Lpj3fDvsj5T06yFXEuGKm3vZyzMvrsH4iEYdhHwjyW484qpnOYYs6npwWaLcis6LSI%2FVT4Ihvb19fqd2mVyfp6ltDxYA%3D%3D%7Ctkp%3ABk9SR7LR4febZg&pfm=1,https://i.ebayimg.com/images/g/BWMAAOSwt9FoR5qf/s-l300.webp,2025-08-25T12:28:36.785357
Nike Air Force 1 '07 Low Jewel White Black Sneakers HQ3826-100 Mens Size NEW,109.97,$109.97,Brand New,N/A,Located in United States,N/A,0,0,N/A,True,False,False,False,https://www.ebay.com/itm/317196897465?_skw=nike&epid=9071729652&itmmeta=01K3FQRD23W0TG0PVE1G3GS5WB&hash=item49da688cb9:g:nA8AAeSw5xhopijV&itmprp=enc%3AAQAKAAAAwFkggFvd1GGDu0w3yXCmi1dUn8BR%2Fj3Xnob6P%2FlWhpnp55DG98h8%2FAqdYjs2Ih%2FTjVY3oAkCk238LbikzwUoqQeTtM6f%2BAuQ3TkAarZUkqr0HD0ArDrhmrxeCXK0WpeYqtx1XnBbtCMHydihFDF%2B%2BwIvwyiKtp0jyPwi8kOkEog3l5Hm59jLp1MI55yZQRq5EuMYNGLKc1ngAc%2FyQx5ucF48IZcsR0JLGbxaaHri9cBoBgHO8jQYXkgb12KSRBbiYg%3D%3D%7Ctkp%3ABk9SR7LR4febZg&pfm=1,https://i.ebayimg.com/images/g/nA8AAeSw5xhopijV/s-l300.webp,2025-08-25T12:28:36.785357
Nike Air Jordan 40 PF Blue Suede HM9932-400 100% Authentic,201.46,$201.46,Brand New,N/A,Located in South Korea,N/A,0,0,N/A,True,False,False,False,https://www.ebay.com/itm/357488892946?_skw=nike&itmmeta=01K3FQRD23YSBKYQJQYZH356V9&hash=item533bff9c12:g:M-sAAeSwAlZopTMk&itmprp=enc%3AAQAKAAAA4FkggFvd1GGDu0w3yXCmi1co9K8Mfo%2FQpD7mOyLdoIusbB%2FV%2BmiZCZmBzHrFNJiXTJcWMbWUqNWRxb7YtEiuvkOIWd9YFULh42dsYrkh8mWtbh%2BiuOhPTnPbIqerG%2F9IQN7kzjFqP%2BKeyzV2M%2FwgoJ20HmT33TEc1LA9eiCkLiFeq738dtj99%2BJ2i%2F2FBKQyRdW4Hw1khI7YVAXjmGbGFUR4BW1P2MeH8b2%2FmGa%2BnxDt48%2F8c9jPff3ixwksudEj%2FuK8cHDgtLxLsFH2LSwY5GduKbl%2FbuXwj7l81knsDVqV%7Ctkp%3ABk9SR7LR4febZg&pfm=1,https://i.ebayimg.com/images/g/M-sAAeSwAlZopTMk/s-l300.webp,2025-08-25T12:28:36.785357
Nike Air Max Plus TN 'Shark Attack' SE Sneakers Men's Size US 9-14 RARE ✅,162.25,$162.25,Brand New,N/A,Located in Australia,N/A,0,0,N/A,True,False,False,False,https://www.ebay.com/itm/356511890747?_skw=nike&epid=5071744952&itmmeta=01K3FQRD230SC7PJSA2WN8M2HQ&hash=item5301c3bd3b:g:DxsAAOSwr6Bnu96Y&itmprp=enc%3AAQAKAAAA4FkggFvd1GGDu0w3yXCmi1eTHjPKcIFTekl%2FLcX7C9jPISKzjtJ1HQKh5Ew8FdR0mI83ybxTg%2F8a%2BLCSp3CcpGZcptdRyYJo7aCjxObg%2B3Ckp7ietaGPKL8xTF0XDP4XFlJrQQo9EiEoqsAaMI1M4m%2BRE8%2BhiTR3TNTqs5i16MFlET5YrkXfrOWPzghQ98yHU8c1BziddDH%2FIB4%2FAUdgMcL%2BCVxPih%2B4SYsonA8SHYBumK9Q%2ByFLRc1qheH8rfHJO6Hqemw8wdA4%2Bj5y8ycfzSIEcK8NwFeLZkVLDpuPW6ul%7Ctkp%3ABk9SR7LR4febZg&pfm=1,https://i.ebayimg.com/images/g/DxsAAOSwr6Bnu96Y/s-l300.webp,2025-08-25T12:28:36.785357
Nike WMNS Air Rift Breathe Triple Black DN1338-004  New Fedex or DHL,119.0,$119.00,New (Other),Free International Shipping,Located in Japan,N/A,0,0,N/A,True,False,False,False,https://www.ebay.com/itm/306395725058?_skw=nike&itmmeta=01K3FQRD23K9CENW3WG04CH28Q&hash=item47569bbd02:g:~dgAAeSwXdtodX5V&itmprp=enc%3AAQAKAAAA4FkggFvd1GGDu0w3yXCmi1fFo%2FYvw2xMEwF6%2FXzH%2BXN4lGMGvQz4gSTQAVg8w8Ixz5d%2FuI6wbD8SkCS7%2FvpTknIldQyhS6yLHc7si%2BuF7SmV99vC3aDCXLVBQBQ%2FV4CMsNgqdwmketma67C4CsXCL2EGjFDzQb6AbWT3zYVQnBlj8XkVpePFPZkpgZd2FmzESQC9xqYS4po3B--34CU6nknlZ5NAtxBrOg2Akh5zCVfFSiZmHXdBvAevsyjRWchLcXi%2Ff9pEXSBKhYw%2BeqZNMstnnmZPtFLPqxOGf6FooWRr%7Ctkp%3ABk9SR7LR4febZg&pfm=1,https://i.ebayimg.com/images/g/~dgAAeSwXdtodX5V/s-l300.webp,2025-08-25T12:28:36.801382
Nike Air Trainer Huarache Cool Blue IH4470-001 Men's Custom,295.75,$295.75to$466.98,Brand New,Free International Shipping,Located in Japan,N/A,0,0,N/A,True,False,False,False,https://www.ebay.com/itm/317089856424?_skw=nike&epid=13084178668&itmmeta=01K3FQRD23KR009NFDC2NRWK3Y&hash=item49d4073ba8:g:NAEAAeSw5CJoham0&itmprp=enc%3AAQAKAAAAwFkggFvd1GGDu0w3yXCmi1d8pxfLWTmoGwpoce60oYtzLltewqj2UfhP3qULvLOwrqlicWyPxWww9z%2BTQNeSmqg%2BJY4USrucBqRyVOTAwLRiEJ6RpcikfZ4WA6DHkywTRWv7geuNT0CzOP51vFVNBz32ZvGuMbw9lBVJkBoXmhjJP8hI3E7Bc4QGNIvf3clq21ivnSrK5CrXhPSaLl75S20qwQeIXY9cDuobkSaVBs3YBBqF75vPyHqkuMEHUYyhzQ%3D%3D%7Ctkp%3ABk9SR7LR4febZg&pfm=1,https://i.ebayimg.com/images/g/NAEAAeSw5CJoham0/s-l300.webp,2025-08-25T12:28:36.801382
Nike Air Max 2017 Triple Black Mens Sneakers Size US 7-15 Casual Shoes New✅,97.35,$97.35,Brand New,N/A,Located in Australia,N/A,0,0,N/A,True,False,False,False,https://www.ebay.com/itm/224957225546?_skw=nike&epid=8047598199&itmmeta=01K3FQRD23C96KPV35TGKS6MVG&hash=item34607eda4a:g:0w8AAOSw5VFnyu28&itmprp=enc%3AAQAKAAAA4FkggFvd1GGDu0w3yXCmi1cmWctgpjLo3CldZmc7Eddz0KfCWW%2BFs4aMZHl1nzAL41pLqCe7wh9Fr2kN2ycHMQBoJ7sdaeMq0uPcn1iofxu2iYI38ThDeZoQfdh5CPnijONXiNL9C1s%2B3v1NUEFdocLM5v96XwM5CMUh2L4Bkng2ZV98mlcCfp7%2Bc2q6CGDzDI18cw5y9R4WZQag%2BNpRELR%2Fb3jkAXmVUdB28WlpIGFuCa5G3hpeT48DxIkXgSn5GsWcPF0ffVcALYSXNiWElxnk2FDdB6pgoJn1x0x8VfpM%7Ctkp%3ABk9SR7TR4febZg&pfm=1,https://i.ebayimg.com/images/g/0w8AAOSw5VFnyu28/s-l300.webp,2025-08-25T12:28:36.801382
New Nike Air Jordan 1 Low Golf Shoes - Wolf Grey (DD9315-002),169.9,$169.90,Brand New,N/A,Located in South Korea,N/A,0,0,N/A,True,False,False,False,https://www.ebay.com/itm/177049991446?_skw=nike&epid=26053903079&itmmeta=01K3FQRD23WF29FK70QQASSBV8&hash=item2939007916:g:~rwAAOSwVxtoD0QL&itmprp=enc%3AAQAKAAAA4FkggFvd1GGDu0w3yXCmi1chREKrbyC8o8mYKG3bONP14i7tLa3lHZBq%2FkrZ9Lv0zrAkvOdkdfKNm84EuqBEikrErLS9NTaIPMSteSuGTGMeJt1SvBApHZIaK9UqTOua1NiHBpEXttg8IRNH5YanNj%2FxHChDh8Tg6BYH%2Fem3htrDTGhmUtJqjKehHoBu621gZkQclLa1nla80mk5hd0PYTTpOPosV8%2F6S%2B9aqD8b1pLFJ8bsGubiJC8c959f5LrwbubMoNeRc%2BWAJmuYI6%2FfmLm8uV%2BfrU%2BTXwJ610kyM7rJ%7Ctkp%3ABk9SR7TR4febZg&pfm=1,https://i.ebayimg.com/images/g/~rwAAOSwVxtoD0QL/s-l300.webp,2025-08-25T12:28:36.801382
Oval Wide Fat Thick Premium Shoelaces Replacement for Nike SB Dunk w/ Tips,10.99,$10.99,Brand New,N/A,Located in United States,N/A,0,0,N/A,True,False,False,False,https://www.ebay.com/itm/176318813160?_skw=nike&itmmeta=01K3FQRD230YJSTAK3Y69YZ8SB&hash=item290d6b93e8:g:fbgAAOSw~z5mDkFW&itmprp=enc%3AAQAKAAAAwFkggFvd1GGDu0w3yXCmi1fKCQ6dSEzJvzcXIEeZKEx6PGzaiuvkf0Vn7NS%2BrvYC2oHXfd0Nw%2BxxIxYzfDfgOIXPBHFVTdfk9QAWvt9d3wX6zWqSXAUpu8wrI8qYSnw71Mhmex5krid91SeKniWH1dye0EeN0Qjg6LQiv0KKhdkNBSMLfxX0urU37G63V5Tl1g0cOno6OCyu4cAnQ0uMOG%2FbaGfyNdWu9bEeMJVySHpeJSrT6CMNRJN8A%2FORwjzjPg%3D%3D%7Ctkp%3ABlBMULTR4febZg&pfm=1,https://i.ebayimg.com/images/g/fbgAAOSw~z5mDkFW/s-l300.webp,2025-08-25T12:28:36.801382
Nike Blazer '77 Vintage Mid White Pine Green  Men US Size 10 NEW,71.99,$71.99,Brand New,N/A,Located in United States,N/A,0,0,N/A,True,False,False,False,https://www.ebay.com/itm/376489265266?_skw=nike&epid=11045628266&itmmeta=01K3FQRD2304R9273YC67F1E7V&hash=item57a8824872:g:Xj8AAeSwJyFoHsO3&itmprp=enc%3AAQAKAAAAwFkggFvd1GGDu0w3yXCmi1eubDEGmJSR08ggwNEwzN%2Ba%2BShAfinwFwdXIOCO10Rw6q1BL0RLsBA0%2Bwufcdx1XPRh7B0W07h5iu4DMkm%2F0gHmrhlooXk4vDKflmkawN8oKw8idaizAyCqpt22HDqCH%2FuN7Cru7OckS%2B6ps566E5jAhOaP%2FNK7BAE94PDPW1BtZMQ4wPQ6vNxLxukiwDAVwk8cK%2F1GgIdl%2F9BS7BbH3l9oIdeQEjZcW8EjzL%2BJQvwn3A%3D%3D%7Ctkp%3ABlBMULTR4febZg&pfm=1,https://i.ebayimg.com/images/g/Xj8AAeSwJyFoHsO3/s-l300.webp,2025-08-25T12:28:36.817276
shoesOpens in a new window or tab,199.0,$199.00,Brand New,Shipping not specified,Located in United States,N/A,0,0,N/A,True,False,False,False,https://www.ebay.com/itm/396988977161?_skw=nike&itmmeta=01K3FQRD237G10SMH21SD9ADW0&hash=item5c6e631009:g:OlkAAeSwLY9oqnjs&itmprp=enc%3AAQAKAAAAwFkggFvd1GGDu0w3yXCmi1dRQW2iW8PVz2selleYNTlQiAE8AnVAChqphTxzk3v6NL8lx9qnBE5sdQyi6DEYwUQ9ca4CKeM904jl2osM44POggFQ4mq7N8TSjmx%2FevWNtUW98%2F0HfoPuVvievlZI8wwmTqdewjK7NviGnSLf%2F%2B9ZI5BJO5ZhfruZcrpd7GvfvSbMIaffgh1FRLblYovgSrsDJp3AuOc8cZWQreGHzxuq9xpLGFWuGAaNlSmUiDVENw%3D%3D%7Ctkp%3ABlBMULTR4febZg&pfm=1,https://i.ebayimg.com/images/g/OlkAAeSwLY9oqnjs/s-l300.webp,2025-08-25T12:28:36.817276
Iced 14k Gold Over 925 Silver Moissanite Swoosh Lace Locks Sneakers AF1 Jordan,99.14,$99.14,Brand New,N/A,Located in United States,N/A,324,0,N/A,True,False,False,False,https://www.ebay.com/itm/145622175701?_skw=nike&itmmeta=01K3FQRD23RDAQEGSPMME5JRV6&hash=item21e7c20fd5:g:5TwAAOSwljNl063W&itmprp=enc%3AAQAKAAAAwFkggFvd1GGDu0w3yXCmi1dSlBhJlx29j5HuFw6nkL4PCI0vCrmapOUzO%2Fn9eiuBKkd5B5Bb9Mr3CnSEs16xxP6AWtkZoxrUnjkLaAg98ZJVPWXFOEPsNgtQVTTOe4znx%2FwQUC1seySuKTwGfPJnKbRALfoMRsVAo9Mz50hBF61O6%2FclLtqzcTKsoYMW7yRAFO4WdCuGk4eVLtLy5Iz8g1Wkn%2BAZ7xU0eoUOQAKDMue7IX8DTKgLCD73o3bzlpVeWA%3D%3D%7Ctkp%3ABlBMULTR4febZg&pfm=1,https://i.ebayimg.com/images/g/5TwAAOSwljNl063W/s-l300.webp,2025-08-25T12:28:36.817276
Nike Sportswear Half Pants Casual Running Sports Gymwear Shorts,14.86,$14.86to$27.04,Brand New,N/A,Located in United Kingdom,N/A,0,0,N/A,True,False,False,False,https://www.ebay.com/itm/376279027088?_skw=nike&itmmeta=01K3FQRD23BC1H186M8EQA4B1Y&hash=item579bfa4d90:g:Sj8AAOSw73BoM4AD&itmprp=enc%3AAQAKAAAAwFkggFvd1GGDu0w3yXCmi1fXsSvvBRNTc4aJRDh6I6kqqZ7NHPpZ3sbjX8%2BSNJfXtwE%2FD7zDcLPOCqHrZWMsDQK4RsAhXDjCgBqtHl9vOAlVe%2FAoaFO5ngeXBNgCM4%2FAYU%2FxBAkTfCPaFohoGv9EEYXNLlau%2FE%2BLF%2FUwR%2B16eNJ8uKpuuPBbsvmsTbWSdVHbhaPZA2PnYvvqV5QlSeL0PfhjZlhz35BOUYaOq9DDN3hDTcCktxsRVGlZzeK5Lg%2Fg4w%3D%3D%7Ctkp%3ABk9SR7TR4febZg&pfm=1,https://i.ebayimg.com/images/g/Sj8AAOSw73BoM4AD/s-l300.webp,2025-08-25T12:28:36.817276
Nike Shox R4 Metallic Silver Red 2025 HQ1988-002 Men's New with Box,140.0,$140.00to$170.00,Brand New,Free International Shipping,Located in Japan,N/A,0,0,N/A,True,False,False,False,https://www.ebay.com/itm/388166408714?_skw=nike&epid=2345055942&itmmeta=01K3FQRD23NY0KQ9541K2YZQ8E&hash=item5a60855a0a:g:u0gAAOSw2ndn5~BH&itmprp=enc%3AAQAKAAAAwFkggFvd1GGDu0w3yXCmi1cZ3ps1NiWV69Tj9N0gWGezLIyREUyaJSAYnywUiBFFQTsKw1um10yU04bUAmUwdiIg8z5QPdAgFHv7eGQ2pHV1lyt6M4byENipkCLysDs2VQa2XEO%2BncbzOtam7zanDgaBAgfO5t5cig%2Bp8sAQDmcryxpiC14XwijhN9cPAK9lDHbldOTKTmSHE%2BhQpCdUsMhuRDO9nbaq%2BscQck0wMUMfbeLxyNa9u9o1Jyij5aMjCQ%3D%3D%7Ctkp%3ABk9SR7TR4febZg&pfm=1,https://i.ebayimg.com/images/g/u0gAAOSw2ndn5~BH/s-l300.webp,2025-08-25T12:28:36.834500
Men's Nike Cortez Prm Leather 2024 Triple Black All Black Authentic Nike ID,175.0,$175.00,Brand New,N/A,Located in United States,N/A,0,0,N/A,True,False,False,False,https://www.ebay.com/itm/266777009794?_skw=nike&itmmeta=01K3FQRD23DKXA9AM1FE93EXGR&hash=item3e1d261e82:g:RZ0AAOSwZQ5mUBCW&itmprp=enc%3AAQAKAAAAwFkggFvd1GGDu0w3yXCmi1c5tjXnvSTqNklGk3503RJPrtdmQjw2OgJo2hZrOlrJYrfNnUH2zqZ5S2peksvJBQ%2BBZOGd01EzMmWzU%2B4EqPgJDnVr5qEcc2E7OLU999JhhhyNxIe9U0fi4W%2BakV1joTGcEMp3k%2Bw3aa%2B%2BCnLMsvH0d0M9eKt5JZPlryyspto%2FK13U9rjeu2sFFaWtjHMz2E1uvgnC04fx84gmslxpvsA97s%2FlbQqBckYoImPhtzwqug%3D%3D%7Ctkp%3ABk9SR7TR4febZg&pfm=1,https://i.ebayimg.com/images/g/RZ0AAOSwZQ5mUBCW/s-l300.webp,2025-08-25T12:28:36.838995
"Rui Hachimura × Nike Air Jordan 1 Retro Low OG SP ""Cranes"" HV8293-100 New [6-13]",309.56,$309.56to$557.37,Brand New,Free International Shipping,Located in Japan,N/A,0,0,N/A,True,False,False,False,https://www.ebay.com/itm/176806025912?_skw=nike&epid=27074014785&itmmeta=01K3FQRD2376E5A5ATTDKH7F3M&hash=item292a75dab8:g:OfIAAOSwNC9nr2Bi&itmprp=enc%3AAQAKAAAAwFkggFvd1GGDu0w3yXCmi1fQkw2oSnxuOrvmuG9OBxRYv60soTyDgQCstenBSxU1AIUWDfJ64BZjF5RuCRAPH%2BjAACnnfDMjsHMI34wLRSobIoUhe0UWh2pFi2hkQTxd3pHjgU5bMLzIemz4eY%2BZTDjKjNGTtKzyij8Jx980xVPBjaHLIcJoL99xWRD3waASCH7Ye%2FFBwEx6SUY6xoh2G4EeSdptWfyNlxnzrl9FrQimBioV24h7ZQokUtwzc%2BXHFw%3D%3D%7Ctkp%3ABk9SR7TR4febZg&pfm=1,https://i.ebayimg.com/images/g/OfIAAOSwNC9nr2Bi/s-l300.webp,2025-08-25T12:28:36.839995
Nike Air Max 90 Pink Foam Armory Navy White Wolf Grey DM0029-106 Men's,100.0,$100.00,Brand New,N/A,Located in United States,N/A,0,0,N/A,True,False,False,False,https://www.ebay.com/itm/276686233782?_skw=nike&epid=23068913178&itmmeta=01K3FQRD235M8SH15W6P3TKNFM&hash=item406bc8e0b6:g:YgMAAOSw90pm2wtR&itmprp=enc%3AAQAKAAAAwFkggFvd1GGDu0w3yXCmi1fPNCiDhN3yN6ZthIei2tvkgkNeeJiIthJ7fNgITst6H5fe1FCyeA0AhW69P4ZIRlQRAifSiSxhJm9HDcx8%2FToz9BdeYOGsg%2FPshDAEJjCiMu1RVLDrTggmDkbshOOVkBknn7yWE0fLcny%2BcupKoxNP2FiI7MiXdl9V71VQXALkk3EGa65K0UNdLt7IoN2DFP2csVYI6YDm41mWlKeXo2354Uf%2Br1GK0OO4cHR%2Fd%2Bk7Qg%3D%3D%7Ctkp%3ABk9SR7TR4febZg&pfm=1,https://i.ebayimg.com/images/g/YgMAAOSw90pm2wtR/s-l300.webp,2025-08-25T12:28:36.839995
Men's Nike Vomero 18 All Triple Black Running Shoes 2025 NEW,169.95,$169.95,Brand New,N/A,Located in United States,N/A,0,0,N/A,True,False,False,False,https://www.ebay.com/itm/236080195631?_skw=nike&itmmeta=01K3FQRD238GYJ6DMWHG5FDVDS&hash=item36f779e82f:g:NVwAAOSw69doEuSr&itmprp=enc%3AAQAKAAAAwFkggFvd1GGDu0w3yXCmi1ecn4gKgEo0VWt4Gqztt%2B%2BQ1GkrOrn99kwsryc36bpf2YfT661uFi27DqWSjz0aIWuPgyt7okb4RiPewaA9Ph5X5P5jsc%2Fe2px8Tpr23IIn4q1440UWdKSoi7IK96ljiddhf7TFPQj9%2BedsPAXgBDSVpXDGlhCQW9Qs5BzMr1IvMiCPffvWC6DjZRgPnsj8tGh7quUxVCQMwxdUK0QTIKhsuy%2BxG2e5LZeVhNqrOKMdpA%3D%3D%7Ctkp%3ABk9SR7TR4febZg&pfm=1,https://i.ebayimg.com/images/g/NVwAAOSw69doEuSr/s-l300.webp,2025-08-25T12:28:36.839995
Nike Men’s Sleeveless Training Shirt Blue Size M Athletic Tank Top,18.99,$18.99,Pre-Owned,Shipping not specified,Located in United States,N/A,0,0,N/A,True,False,False,False,https://www.ebay.com/itm/388859841085?_skw=nike&itmmeta=01K3FQRD23NSY60G59XYSK14NM&hash=item5a89da4a3d:g:18AAAeSwRutopdN0&itmprp=enc%3AAQAKAAAAwFkggFvd1GGDu0w3yXCmi1fk76eCfvowFLqy4KL9%2BIytP432LPUkKIBi5QudwMD3qzreBnQEPMGkJLb3eDnjS05aKSygMxR2yNGe%2BCfri5P11G7myEmKfrzB7Vt6KTv1Ikfl537oXxrFi52P6RhYW28kChMsQasaDjARt0BLDGIZdSSvQvQD%2BBgFpcqVn44dfzA8RjY8REQIWIi%2FryUWyq97blOuYzf8cSnqhOaaZJZqYcVg0vmbT%2F24HMOFlQ9KYA%3D%3D%7Ctkp%3ABlBMULTR4febZg&pfm=1,https://i.ebayimg.com/images/g/18AAAeSwRutopdN0/s-l300.webp,2025-08-25T12:28:36.839995
Wmns Dunk Low Next Nature ‘Bicoastal’,185.0,$185.00,Brand New,Shipping not specified,Located in Virgin Islands (U.S),N/A,43,0,N/A,True,False,False,False,https://www.ebay.com/itm/135730336432?_skw=nike&itmmeta=01K3FQRD23SQD6JXK0999PF6AK&hash=item1f9a2892b0:g:CMMAAOSwFLFoCh5o&itmprp=enc%3AAQAKAAAAwFkggFvd1GGDu0w3yXCmi1e1rdTqEnzoETO48R3DeWCmlvWNeri9iWolYgR7XtMpw8pMSYteFtYgQTMSbYcwonq1Ul8ZKxTWq22eW03S4gzxXqeWem1P3gt6oSW4Hfmw1t7F8JuttMZ6Z%2FWyyKsE%2FzCumYFD27jvpvyGmDCjGjvF%2FllpOql6AOIQEvwl%2FohNXkbkHNHVoARCkF09VZKXU0qTovk%2F%2BchYBZFdqj6kc5soJZCN7%2FcqRn9NBkV8xXeRfQ%3D%3D%7Ctkp%3ABlBMULTR4febZg&pfm=1,https://i.ebayimg.com/images/g/CMMAAOSwFLFoCh5o/s-l300.webp,2025-08-25T12:28:36.854990
US Sizes (7.5 - 13) - Nike Air Jordan 4 Retro OG 2025 White Cement,147.99,$147.99,Brand New,N/A,Located in Germany,N/A,0,0,N/A,True,False,False,False,https://www.ebay.com/itm/167707271866?_skw=nike&epid=3084163746&itmmeta=01K3FQRD23W0DX5SJXZMT9PFW6&hash=item270c21e2ba:g:CGEAAeSwuKNomSDU&itmprp=enc%3AAQAKAAAA4FkggFvd1GGDu0w3yXCmi1dDKW8rizpLs06nXZ7ve4j4Q2yq7%2BUMr%2Bx0uVJZDCgvC2huRHIe%2BAZ7e8ZQAa9%2Bb8s45eP1TZow8A1MNgi%2FDtPF9h4u55Ju9f94nZBYVS5DV0aMEv%2BKiaXXNxncun6ARK9%2BVEMA3XCGTlq1rTQG8PGkcJwCo9Oad8xbm%2F%2BESuLHfTVqatyxiZSR%2BkCQmWrOCemmGc2L8p748nU3W2a93Op8YICzD5beiOSPq9TRtG2t0te2aHTs8PIn%2BrKIZ2mkdLfqWPzhzMBOmvcH3IhwRHWf%7Ctkp%3ABk9SR7TR4febZg&pfm=1,https://i.ebayimg.com/images/g/CGEAAeSwuKNomSDU/s-l300.webp,2025-08-25T12:28:36.857993
Nike  Air Rift Breathe IB8881-001 Buckled Straps Black Women's Size,179.48,$179.48,Brand New,Free International Shipping,Located in Japan,N/A,0,0,N/A,True,False,False,False,https://www.ebay.com/itm/396734524329?_skw=nike&itmmeta=01K3FQRD237MCZMAK96HMHJM14&hash=item5c5f386ba9:g:ha4AAOSwy2ZoUrpP&itmprp=enc%3AAQAKAAAAwFkggFvd1GGDu0w3yXCmi1d46sVbVhBmaHJdNiZPbuH1oqT1FK9IKEPrv0Oh5Os6W9ZD%2Fm9MLexhjEafggvJLtadQR91g9O4A2B3Z%2Bqv15kelOVIxYfayL3l3m02a8wha0aFLtxDVXPGIIs38yU2qmLmim49l7xpl8Eu%2BuavpwZq%2B%2BpDDJsyOSfD4jlopEaYOwlU%2F5jwvw8wvdxpggTX8HZSeTeCNZ--RcxFlE0pDEcIPB5b14N5w1PRnZdYCVIYSQ%3D%3D%7Ctkp%3ABk9SR7bR4febZg&pfm=1,https://i.ebayimg.com/images/g/ha4AAOSwy2ZoUrpP/s-l300.webp,2025-08-25T12:28:36.860990
"Nike Jumpman MVP ""Wolf Gray/White/Neutral Gray/University Blue"" DZ4475-003 New",210.99,$210.99,Brand New,Free International Shipping,Located in Japan,N/A,0,0,N/A,True,False,False,False,https://www.ebay.com/itm/396482597686?_skw=nike&epid=28084927505&itmmeta=01K3FQRD232ZJCNSR94YB1601W&hash=item5c50345336:g:ga4AAOSwITFn~8cV&itmprp=enc%3AAQAKAAAAwFkggFvd1GGDu0w3yXCmi1fvPD0HnrTi8dPv3B3xXIaGSFfQeg87nKtgu2x%2Bx0QRmcKL25T8x7mxXyvy60mZRWZJyzLva%2Fej%2FiNHvsJkyOEDCTcQ2U3lmCG%2FpAhgIzGli%2FW3p7%2FpZtqsreW9a2QN30EvyEpqwUPk5AA8c5vU9t%2BGCoB9NGBj8Nzc1MCxxW%2FJO6d5YSj%2BkkRtOsRYBdjPXEPmGtn4wV15o3IeS4Mii1nHSWLt69SpWHOyICvY3qKL9A%3D%3D%7Ctkp%3ABk9SR7bR4febZg&pfm=1,https://i.ebayimg.com/images/g/ga4AAOSwITFn~8cV/s-l300.webp,2025-08-25T12:28:36.862992
New NIKE Air Max 90 Classic Retro Men's Athletic Sneakers black gold all sizes,179.99,$179.99,Brand New,N/A,Located in United States,N/A,0,0,N/A,True,False,False,False,https://www.ebay.com/itm/236036678803?_skw=nike&itmmeta=01K3FQRD23KRH9TZDX6YQVVFAE&hash=item36f4e1e493:g:VmYAAOSw3-Zn7uTY&itmprp=enc%3AAQAKAAAA4FkggFvd1GGDu0w3yXCmi1fTz9HbbTlmXpVfL5yl8rxp30k8KzaTEaD2JJpnj3szOJZeF7xCYH7fROKtsBuKcBatReOhPXx5j%2Bk07r8ZNq1R2apg5grawWKZoP8kC5nxJ1S54Mp%2F5VLz1QIQCt4xmTfKc%2FpCnXCy6Yo8duhoXDeKjeqSDiyRu4m49rMz4%2B6p9f9JsYerFZ4PvO2NvgiK9fz8PIvCDodzQNWwRoila06SQEoGn1uGDgA8lNzu5GPhed%2F0I3%2Bb%2F%2BbJDWop58IjXwP%2BQVx8Zdf86PFZ1C0GNr0%2F%7Ctkp%3ABk9SR7bR4febZg&pfm=1,https://i.ebayimg.com/images/g/VmYAAOSw3-Zn7uTY/s-l300.webp,2025-08-25T12:28:36.865988
NIKE WMNS AIR RIFT BR BLACK Women's Shoes IB8881-001 US 5-9,177.85,$177.85,Brand New,Free International Shipping,Located in Japan,N/A,0,0,N/A,True,False,False,False,https://www.ebay.com/itm/357126012494?_skw=nike&itmmeta=01K3FQRD235N046BG6ANJRDNNA&hash=item53265e7e4e:g:jUAAAeSwNcJoXrkU&itmprp=enc%3AAQAKAAAAwFkggFvd1GGDu0w3yXCmi1f7cX62F45fnKn0lzTqRfKhGmr%2BLte6WIn%2BYJqSs%2BpRX5RTFgPV5ODuvK6TCx33gby%2BgQcdpI1Ubl2YEfw%2FUbNIrCIyTvUqVrG0WUZHiJ0lVcpRL32nNJU6LH8WUFI1%2FkK%2FLtFmNG5ikVkBiUBASgy4KcQo4pkiqLS2iBcEKKnC0ulH8cNe9MBnXAoPGvlnyYrMvwmKQ87ZmI1GitS62b4qkDA7%2BiCGZMA6srucpJQWjQ%3D%3D%7Ctkp%3ABk9SR7bR4febZg&pfm=1,https://i.ebayimg.com/images/g/jUAAAeSwNcJoXrkU/s-l300.webp,2025-08-25T12:28:36.869989
Nike Victory Pro 4 HM9220-101 White/Photodust/Black/Psychic Blue Men Golf Wide,167.99,$167.99,Brand New,Free International Shipping,Located in Japan,N/A,0,0,N/A,True,False,False,False,https://www.ebay.com/itm/316770195647?_skw=nike&epid=6079451682&itmmeta=01K3FQRD23Q7DMJZH8N3G181PJ&hash=item49c0f998bf:g:DOEAAOSwwcxoL9~w&itmprp=enc%3AAQAKAAAAwFkggFvd1GGDu0w3yXCmi1fAcEy7idRYcskDKwOMjRl%2F5ugKJclufhbUP9bDJ%2Fyrrfaht56PGTxbDroysNSj%2Br%2BP6Ov1ZHt5uiXLXb0OiFj7QW%2F7fyOz6TC99zetAAqRjqsA1rXQOa8n5juAQNFZszzUHKCIh2Xao7JTojXo13MlpZ%2BAQz7INXEwtRBeWg%2BFY0YfK0MoDSeKO88Z8UuGQCFp2eZhpMC8IEtmYjNyxS3PoYY6lrmIbLfGzCU8diEGWQ%3D%3D%7Ctkp%3ABk9SR7bR4febZg&pfm=1,https://i.ebayimg.com/images/g/DOEAAOSwwcxoL9~w/s-l300.webp,2025-08-25T12:28:36.871988
"Nike Air Max Vapormax Plus Navy Blue, Comfort Men's Shoes Size 7-13",150.0,$150.00,Brand New,N/A,Located in United States,N/A,0,0,N/A,True,False,False,False,https://www.ebay.com/itm/205215781046?_skw=nike&itmmeta=01K3FQRD23ZWJ3ZFD5ZH98BY4J&hash=item2fc7d050b6:g:WsYAAOSwRLtngJzG&itmprp=enc%3AAQAKAAAAwFkggFvd1GGDu0w3yXCmi1dMdVwKM5jN9w5fh7nfz7%2BhVNhCbrcOLzSPYEOyAa%2BP6dHKczShF19xZdyfwD0kDuppn0KqGhc2My8c54Z0IfsnNFcfampPWd8b9D5PLhg3oQs%2B4QjrjB6f%2BCE4oPfZ%2FiNIl32yehGGA3jmgpKUU1fpSVakSoblDa%2FZnVN4ZZHh73wXOoOu73ERF%2FGTKxQ8WmEzpUm8X3Q8JbpTLgf5xHsx6s9Ib5bBYLRw37aHDFsD1Q%3D%3D%7Ctkp%3ABk9SR7bR4febZg&pfm=1,https://i.ebayimg.com/images/g/WsYAAOSwRLtngJzG/s-l300.webp,2025-08-25T12:28:36.874987
Men's Nike Cortez Prm Leather Triple Black Gum Rubber All Black Nike ID Authenti,169.95,$169.95,Brand New,N/A,Located in United States,N/A,0,0,N/A,True,False,False,False,https://www.ebay.com/itm/256483622292?_skw=nike&itmmeta=01K3FQRD23QNKXR6TDJWECP5SC&hash=item3bb79d7d94:g:tawAAOSwQsVmRsw5&itmprp=enc%3AAQAKAAAA4FkggFvd1GGDu0w3yXCmi1cwMhO5%2BZXfN3gOKiY0J3OGGNGzpbX%2FVZ6rtRNlL3ATCmrjeOhssdOjncqC9ykfzUZQFuvUlLJG31NBmuARI5w4tSqLr41ExiwhRDYTbWdRT3ujEB83YFuGZNSvwHMBcP3rcewUZ7B3WFqyG3HMEAFcJ3c5X79PpieDf471Qhgto744gOeq2VrXutR9O%2FYQdU%2Fd9Zels8xea7h4O%2B%2FoZkf5x--ptjjYBDYJwH50EgI%2B2lH0qylXfGuDDDDO%2F1uTBcwlQXZhcjwLWTjcbjgfCwIy%7Ctkp%3ABk9SR7bR4febZg&pfm=1,https://i.ebayimg.com/images/g/tawAAOSwQsVmRsw5/s-l300.webp,2025-08-25T12:28:36.877988
Nike Court Air Zoom Vapor 11 Men's Hard Court Tennis Shoes DR6966-105,158.86,$158.86,Brand New,N/A,Located in South Korea,N/A,0,0,N/A,True,False,False,False,https://www.ebay.com/itm/235760710550?_skw=nike&epid=25073863295&itmmeta=01K3FQRD241KH7EEEEZ20XW2A6&hash=item36e46ef396:g:3VUAAOSw5ihm9Pmv&itmprp=enc%3AAQAKAAAA4FkggFvd1GGDu0w3yXCmi1cVfVJBklV%2Fb5eSpwqc37RTfDWJCBw%2BsP82tWiCyRYB9jHcvVxqzBKPgBZZNBqWdtTJc9AFlt2AEhv%2FF5W0ot7fsakbhgiJJOOtrH0M2uXMAMye1GO8jgvzjT26LZWtTDGlYhQ3PYrLUN3VUSl6sN%2FvTUam2ZtEpy2TKX85RCQzAvvQ5Unaz3B4t7dfWqI7wKdVBnHC1T6XSJgty08r0y%2Bha2wGJLETqzIDDhcXEAOCjTW4DnWLobxuBFZ14uCvgi2Ug3r1KVAgGZnYCc6D8im8%7Ctkp%3ABk9SR7bR4febZg&pfm=1,https://i.ebayimg.com/images/g/3VUAAOSw5ihm9Pmv/s-l300.webp,2025-08-25T12:28:36.881988
Nike Air Flight II Lite Mid Black Varsity Red White DQ7687-003 Men's,113.99,$113.99,Brand New,N/A,Located in United States,N/A,0,0,N/A,True,False,False,False,https://www.ebay.com/itm/306185335658?_skw=nike&epid=19055503880&itmmeta=01K3FQRD24VQT8FX4XBQG1Y4H5&hash=item474a11736a:g:468AAOSw-Adn2JcE&itmprp=enc%3AAQAKAAAA4FkggFvd1GGDu0w3yXCmi1dUR4MbDw3Fz9pu0QNQLBriQatPx%2Bb9Xa4QJ6UyfTZvKdQU7Bhb5z6MXJHL9qu81xL6jm0f%2Bcg33ppRojRlh0iDzZpMP90skgPKOn%2FBysqyPunlNxsY6TfcAel2au0ywFMhs3iFN2rhe4ThozYJN6ej%2FsPd6vZT9i9nM84b1e9Lye%2FoNKfoAqXZ7UJ1fhPp5pwIdvYtDMXjtVAWMmCxf9k%2FK%2FJIjAGJcWtMVljMBR5kFwi8AH3%2BKfqmaCGd2d8D2g4bTzSzDKUWoR18mZnvHjR8%7Ctkp%3ABk9SR7bR4febZg&pfm=1,https://i.ebayimg.com/images/g/468AAOSw-Adn2JcE/s-l300.webp,2025-08-25T12:28:36.886989
DD1391-300 Nike Dunk Low Miami Hurricanes Gorge Green Total Orange (Men's),126.0,$126.00to$392.00,Brand New,Free International Shipping,Located in Japan,N/A,0,0,N/A,True,False,False,False,https://www.ebay.com/itm/255930268534?_skw=nike&epid=24058280739&itmmeta=01K3FQRD240MTGDX1EM9D5YT0H&hash=item3b96a1fb76:g:DycAAOSwfQBmF52X&itmprp=enc%3AAQAKAAAA4FkggFvd1GGDu0w3yXCmi1eFHruqCEbWcKVYr1oTzb73%2BXcmMSDp3xjru0Ct2NT%2BSUOWvs16QuWQNBH48piLu53yGywfFtsO6TYIZLeBVW4QJEyFb%2Fj7CellSufv45UNXmHjSOVay6Cf6ROrKHKkR1AXHzsot4br%2FdRyEFGay832zS5Dck5tq%2BqYy9Tdm5%2BGeYkTy0MrCWwIOi3v%2FmIW7edrouRQOxQSBYnIDBcohfx1cgWN9CCjv%2F3vE40UkNgg0pa%2FTLW%2FozKEWDK0gZDZmewHKXvVT1SUt3p3U2MxPpx6%7Ctkp%3ABk9SR7bR4febZg&pfm=1,https://i.ebayimg.com/images/g/DycAAOSwfQBmF52X/s-l300.webp,2025-08-25T12:28:36.889987
Nike Mens Air Vapormax Plus White/Citron Pulse/Industrial Blue Running Shoes NEW,249.95,$249.95to$399.95,Brand New,N/A,Located in United States,N/A,0,0,N/A,True,False,False,False,https://www.ebay.com/itm/234950389978?_skw=nike&epid=10062391715&itmmeta=01K3FQRD248EPVY94WHC6PAQS8&hash=item36b42270da:g:D4cAAOSwmCVkI56m&itmprp=enc%3AAQAKAAAAwFkggFvd1GGDu0w3yXCmi1cRGWi2%2Fq0nIcx49ApqQmHxbso1jLgvS%2BV%2FI9DHvYtTWhwHj%2FlPz44sLD3%2BeAAaBevOOBOxDs2QnSDTRgyzpMhKcKiTn3V7Vp6Gx1E%2FiD2NkOIYpdbzQlJMOYtQDo6BZFzc9V1vapnGqC9zFtfAgmpEQvfpFtWkk%2FTOhKrwRTvpLB43o7Fp4ZMvB6jH7rlMSjeBWIXtLNXMp%2FhmFafP2ZxE%2Blfa15vdTxsSNF4xekZ%2BdQ%3D%3D%7Ctkp%3ABk9SR7bR4febZg&pfm=1,https://i.ebayimg.com/images/g/D4cAAOSwmCVkI56m/s-l300.webp,2025-08-25T12:28:36.892987
Nike Air Max 90 Drift in Brown and Blue All Sizes Limited Stock,259.76,$259.76,Brand New,N/A,Located in United Kingdom,N/A,0,0,N/A,True,False,False,False,https://www.ebay.com/itm/156903713082?_skw=nike&itmmeta=01K3FQRD24KJ786PQWRS8ZEVZY&hash=item248830a93a:g:eAgAAOSwSaRn~-8G&itmprp=enc%3AAQAKAAAA4FkggFvd1GGDu0w3yXCmi1fwj0wV%2FhqXsdP4UOw%2BJaKCusx3pi8WIP0p6p50fXgyiYPEAOyIjqhhmzgeP1kPSKrF%2Bv%2F7hDjCRRIPTnOp63wFNJtev7pinAwAXOBaiXTo%2Fn%2FJqJKAcIX5lEsO42k2AA%2BW1PaT%2B0jTFzbj2LyzJoL7hQwwPwXJ7k1KsbVrxRMbrnMEo6WHu0aQEiJJd32qrsO3IkLOAFVOfzxbGRN0S0GJ5K3UjMMSdPlVOCMWUl33B8N7EnKOB6DyX2go9QwlC4uDxkRGhU%2Bb8o2cOIqdj6jB%7Ctkp%3ABk9SR7bR4febZg&pfm=1,https://i.ebayimg.com/images/g/eAgAAOSwSaRn~-8G/s-l300.webp,2025-08-25T12:28:36.895987
Nike Air Jordan B'Loyal Bred Playoff Black Gym Red White 315317-026 Men's NBY,100.0,$100.00,Brand New,N/A,Located in United States,N/A,0,0,N/A,True,False,False,False,https://www.ebay.com/itm/276803233010?_skw=nike&epid=20061575564&itmmeta=01K3FQRD248QZZP2QD23FM0DWD&hash=item4072c224f2:g:B-4AAOSw0i5neGiV&itmprp=enc%3AAQAKAAAAwFkggFvd1GGDu0w3yXCmi1cec7gnmkF5R2Fb7Q2s%2FvFRMdQjc%2BFBVaf6Hj72%2BVSBWBZ3WIN0mevIupx9t1WVcNtskMeN8ioh1Rum2VIEEneVcFHlDGjoMHvBuMOT2nxcuH5l4pEf94JYyGNL0JpsedpAkGqUVglG5SZK6cw0zhN8jjyKrWH5EuAnzFclcYcRaYzzclMsFIyzffoTCY%2BO97U8zY0vZ9JW56WMgRdWNoX7EaBbvqyTOh1RCjde5ZXCPg%3D%3D%7Ctkp%3ABk9SR7bR4febZg&pfm=1,https://i.ebayimg.com/images/g/B-4AAOSw0i5neGiV/s-l300.webp,2025-08-25T12:28:36.898987
NEW Nike Air Max 97 Men's Sz US 17 UK 16 Cool Grey Stadium Green 921826-020,150.0,$150.00,Brand New,N/A,Located in Ukraine,N/A,0,0,N/A,True,False,False,False,https://www.ebay.com/itm/376497962963?_skw=nike&epid=10065343270&itmmeta=01K3FQRD24PVJ1GXET03K5NBCH&hash=item57a906ffd3:g:1U4AAeSwtX9op03u&itmprp=enc%3AAQAKAAAAwFkggFvd1GGDu0w3yXCmi1eDWWkBT77EGjAIGDXjKrIpCfsVirwBxjnZLq%2Bgxu4V8ntkXtZdWtVsKBEOVVhCTqXohRIzolA6gKL5oek8G41RVdT4OcmMNeQhF%2FEt2yrvnuGqmbI8dcjd7JA%2FACDjR5Ru6RJwkclvi91kaqGqJy4qGbe8lHd5SJJG2WBTihSbddyQI52CZRedN6WlIO0capLea14ZCT5q1dHqFYizBKP79ZGWs6osy3zKL7XrCH8FhA%3D%3D%7Ctkp%3ABk9SR7jR4febZg&pfm=1,https://i.ebayimg.com/images/g/1U4AAeSwtX9op03u/s-l300.webp,2025-08-25T12:28:36.903087
Men's Nike Cortez Prm Leather ID 2024 Black Red Swoosh Classic Nike ID Authentic,175.0,$175.00,Brand New,N/A,Located in United States,N/A,0,0,N/A,True,False,False,False,https://www.ebay.com/itm/266774142747?_skw=nike&itmmeta=01K3FQRD24YNKN3AWV8NYY6S5G&hash=item3e1cfa5f1b:g:TqkAAOSwaulmUATx&itmprp=enc%3AAQAKAAAAwFkggFvd1GGDu0w3yXCmi1cSjO77qH1KaMEqgUWMV5DhXDBPce2ATqoYOXybWpXf4Cgrv8zBYL%2B8wkVgh1syLebXyetu%2FRE9j1EZkqd8Bl7JBW%2FaAXspGClJL42eoVsb8%2FPs1bgS8ydci1INjXNQKNdiSkrJ7WaX9ekyojBsZq5pJv0O%2B0WQUiL030VR9rLftxvrxGXcibOSM%2BhDfyV8ulOjB4eXedut9QDfUsFPPi48Yt6ZW8iwE7K%2BOcseyHhDQA%3D%3D%7Ctkp%3ABk9SR7jR4febZg&pfm=1,https://i.ebayimg.com/images/g/TqkAAOSwaulmUATx/s-l300.webp,2025-08-25T12:28:36.903087
Nike Air Jordan VI 6 Retro Reverse Oreo White Black CT8529-112 Men's,161.49,$161.49,Brand New,N/A,Located in United States,N/A,0,0,N/A,True,False,False,False,https://www.ebay.com/itm/276912041380?_skw=nike&epid=9062367438&itmmeta=01K3FQRD24R8JNNZ20NP350K34&hash=item40793e6da4:g:GAoAAOSwneJnS1mF&itmprp=enc%3AAQAKAAAA4FkggFvd1GGDu0w3yXCmi1cCmpiDpnN4A7xcu%2BCSi%2BXL%2B99054wt9DdKD4GAbI6gtniof6vtOQvrgTlDcKwZsEuBctjJfKTDgH2ejZ2g%2BNo%2FsrzBUvpjykhSQ20iokjbeigXBdYuFpl3n%2FqDE6ebydrzCqoKlVircDcDbcrjTekvnQWTTXkMZGWCDL4vh8JqMa%2BpI5hwVRKMyGKufi2pSaI2sJA2wSxaflNj8bxK%2BYuD0YsDhVA7tiO9%2FFkRCSC7gv3rltJ7u9b6qtiaLNvDPU4SAzjTu87sXywzJzEqd7da%7Ctkp%3ABk9SR7jR4febZg&pfm=1,https://i.ebayimg.com/images/g/GAoAAOSwneJnS1mF/s-l300.webp,2025-08-25T12:28:36.903087
DD9315-002 Nike Air Jordan 1 Low Golf Wolf Grey (Men's),175.0,$175.00to$415.00,Brand New,Free International Shipping,Located in Japan,N/A,0,0,N/A,True,False,False,False,https://www.ebay.com/itm/256843862630?_skw=nike&epid=11053886107&itmmeta=01K3FQRD24YPXDTV8S3BNP563Q&hash=item3bcd165266:g:8XIAAOSw1e1n5LeF&itmprp=enc%3AAQAKAAAAwFkggFvd1GGDu0w3yXCmi1ftnzKN4YU5XW%2Fncll%2BttHUmvPDvZ%2ByZUPghHEmky8jr%2BKd9F1t9hIxXQisP1oNx6bgRYJ%2Fjj6onDKh27bcf5lPNnhXCUmCGrHgjxb5ETsGbZeypR3cGG8O3cRcVll2OmId9ZsfhzRJcdpwP57LkRG08p5NmFbN3M54UYUbnyNpfk51stN5TxXuPt9JPhUjNnualxfAfIojGTpa4B57gnnF%2FLAdjaeS6zGMUyTc2bTTaQ%3D%3D%7Ctkp%3ABk9SR7jR4febZg&pfm=1,https://i.ebayimg.com/images/g/8XIAAOSw1e1n5LeF/s-l300.webp,2025-08-25T12:28:36.903087
Nike Air Force 1 Low White Men Women Sneakers Leather Sports Shoes Casual,87.87,$87.87,Brand New,Free International Shipping,Located in Italy,N/A,0,0,N/A,True,False,False,False,https://www.ebay.com/itm/157249481854?_skw=nike&itmmeta=01K3FQRK6TBEV70DZWX3E8CDMD&hash=item249cccac7e:g:FlYAAeSwFwxooPDn&itmprp=enc%3AAQAKAAAA4FkggFvd1GGDu0w3yXCmi1eyPKQpR3GjF4tMYkaYASjzM%2B8O5nzPtoLnAlaA%2BEr3hKMDDnz7MiVgWOrzwEZCp0OtNgMUB90G7JcC8Q3O%2BbNt2fd6Snkkc7klVAqVUY7dVhfuBHE9BzvDCog2o1wiHl48288wDUnGFbadaupXKIH8bD09glmplyHKlMmYhtlrPVp%2Bf%2BbR2pcNxIO%2BlptblwWR8MuMaHuskjhg3eZhD1TSTRs2aUYDoLwcAMrC85jwQSTsOCUCq6UZdEMVu1EvHuAH0crsr%2BMfSMZHukpG2Zf9%7Ctkp%3ABk9SR9qz4vebZg&pfm=1,https://i.ebayimg.com/images/g/FlYAAeSwFwxooPDn/s-l500.webp,2025-08-25T12:28:42.569991
New Nike Air Trainer Huarache Shoes - Black/ Cool Blue (IH4470-001),184.2,$184.20,Brand New,N/A,Located in South Korea,N/A,0,0,N/A,True,False,False,False,https://www.ebay.com/itm/177319066792?_skw=nike&epid=13084178636&itmmeta=01K3FQRK6THP36DE3AC9SPW37A&hash=item29490a3ca8:g:ph4AAeSwbzZok2po&itmprp=enc%3AAQAKAAAA4FkggFvd1GGDu0w3yXCmi1fP5nHbNhrFjCGNSIi34u2fLYh7XiDHNP4L8rnY%2FSqDL6XFVXnreZlCXPhDBuyymH6zpoQ15BBRU5MnSm9rE0MdwrWVyT9gOdGuh5qZFOKZHRNNuTibG9RC8fCwJcmlzxYfJgqgilz%2F34uzgUMgPQOIfPM%2FFinDlNP6%2F706lCF7lXXTGGIFA7aEXjPAsinhKZ9KhKWsBlTz3UE7NNxP4Bv%2FS9ODqFYXRarnBvdM5hauaxd79A1e0N2Ya8shOLnEmLRYGsnMMt1Lb8%2Bq%2Bq7zAphA%7Ctkp%3ABk9SR9qz4vebZg&pfm=1,https://i.ebayimg.com/images/g/ph4AAeSwbzZok2po/s-l500.webp,2025-08-25T12:28:42.569991
Nike Air Max 2017 Triple Black Mens Sneakers Size US 7-15 Casual Shoes New✅,97.35,$97.35,Brand New,N/A,Located in Australia,N/A,0,0,N/A,True,False,False,False,https://www.ebay.com/itm/224957225546?_skw=nike&epid=8047598199&itmmeta=01K3FQRK6T1N8BDCNYWJVM3RAB&hash=item34607eda4a:g:0w8AAOSw5VFnyu28&itmprp=enc%3AAQAKAAAA4FkggFvd1GGDu0w3yXCmi1cmWctgpjLo3CldZmc7Eddz0KfCWW%2BFs4aMZHl1nzAL41pLqCe7wh9Fr2kN2ycHMQBoJ7sdaeMq0uPcn1iofxu2iYI38ThDeZoQfdh5CPnijONXiNL9C1s%2B3v1NUEFdocITKjHcrE9WLqpOirm3OgVbrmNWjrYh%2FD3h0pTgX6bTnzf%2BiT%2F8%2FUOuV7Xnfc2NeZ5vPuA2zp51JZqKYuu20fkm9XOAyXi5wWDSQLaeP1GYmx3VDBLSvbyqXP09uRokm03xfuGhxVXfQhvLZ6UBg5BC%7Ctkp%3ABk9SR9qz4vebZg&pfm=1,https://i.ebayimg.com/images/g/0w8AAOSw5VFnyu28/s-l300.webp,2025-08-25T12:28:42.569991
Nike Air Jordan 40 PF Blue Suede HM9932-400 100% Authentic,201.46,$201.46,Brand New,N/A,Located in South Korea,N/A,0,0,N/A,True,False,False,False,https://www.ebay.com/itm/357488892946?_skw=nike&itmmeta=01K3FQRK6T6W8XS230ASX49Q7R&hash=item533bff9c12:g:M-sAAeSwAlZopTMk&itmprp=enc%3AAQAKAAAAwFkggFvd1GGDu0w3yXCmi1fyMQvVigGy0JUrPpqGmAcirMpIGM6BPVXBt8chgoUbBgrfnvGQDfmItw7KP9fzf5GPs6xmmld9Q3FUTAJ1NYqpzt2SP593DoT6M8HbJYfg0ecpX4HJ%2BtYQnmp0JEaWFJCqJkpY8gH%2FTZWskbpoTlIu3Z2EmMq0mXmg%2BkkSbFxp0jLR%2Br1JFIKgEGT9lFls67mtqJ2QxJEpFwhehmdoA4STVcADFugQiQiyfFNh%2BisrhA%3D%3D%7Ctkp%3ABk9SR9qz4vebZg&pfm=1,https://i.ebayimg.com/images/g/M-sAAeSwAlZopTMk/s-l300.webp,2025-08-25T12:28:42.586636
Nike Total 90 3 SP White / Black / Metallic Gold HJ9351-101 Men's US3-14 NEW,123.82,"$123.82to$5,270.65",Brand New,Free International Shipping,Located in Japan,N/A,0,0,N/A,True,False,False,False,https://www.ebay.com/itm/205533287896?_skw=nike&epid=15076709750&itmmeta=01K3FQRK6TEBRN57BSJ6K4T4TC&hash=item2fdabd15d8:g:qq0AAeSwxr1opV0-&itmprp=enc%3AAQAKAAAAwFkggFvd1GGDu0w3yXCmi1ewbZRX2dAeni3ASfmIWuyVvRtoRcF6o8WINnzfAIAHgjXXHsCTjDJhnqHwW%2BDD8uzHtNQEpjMVgykQAznteBoRgrTT40mnNnx9CiyyOQpbvpOHpeIrFUbdoMnyJI%2Bq5uEdmvWng6ErBc8fsuUrCKVNjlCsqLHt1OdJcuuReizOE65zN%2FJpQX4zvU2YnnxhfnYyrPMNapuoXQAB25zInhDyOu2A3Q%2FH5SX1DaEzw7t3vA%3D%3D%7Ctkp%3ABk9SR9qz4vebZg&pfm=1,https://i.ebayimg.com/images/g/qq0AAeSwxr1opV0-/s-l300.webp,2025-08-25T12:28:42.586636
Nike Air Force 1 Low Black Men Women Sneakers Leather Sports Shoes Casual,87.87,$87.87,Brand New,Free International Shipping,Located in Italy,N/A,0,0,N/A,True,False,False,False,https://www.ebay.com/itm/157249487304?_skw=nike&itmmeta=01K3FQRK6TAGXQNMYV4BXZMEWD&hash=item249cccc1c8:g:KQQAAeSw3u9ooPM0&itmprp=enc%3AAQAKAAAAwFkggFvd1GGDu0w3yXCmi1e8Go8ub0Go6eq16GmOP2WsKqGINR%2FAuUTI%2FgIS1Rm4iHb1xmTYsL6y4Jr1fPsmy7XVyE5P3AN3kVC6Ae0Iipryst1wVTNplQIfkNQUK8hH5Tls16bSbGqwkPydHosOW00rgaOxB5YLChkjcjU8gDx1q9Wb6ch0ySkjSJK6eaOXyxmBkLK8WT83hZRzzNvfiVC5%2FjC6FXq8H%2BVS82bywyA3bbqXJctnzgIdW029Est5%2Fw%3D%3D%7Ctkp%3ABk9SR9qz4vebZg&pfm=1,https://i.ebayimg.com/images/g/KQQAAeSw3u9ooPM0/s-l300.webp,2025-08-25T12:28:42.586636
US Sizes (7.5 - 13) - Nike Air Jordan 4 Retro OG 2025 White Cement,147.99,$147.99,Brand New,N/A,Located in Germany,N/A,0,0,N/A,True,False,False,False,https://www.ebay.com/itm/167707271866?_skw=nike&epid=3084163746&itmmeta=01K3FQRK6T69WD9CE1XNYZCPVK&hash=item270c21e2ba:g:CGEAAeSwuKNomSDU&itmprp=enc%3AAQAKAAAAwFkggFvd1GGDu0w3yXCmi1fuykAMmPgZa6nPA2YzvsRcrHTbnGz95OMN%2BblFyHu4SNAoQ0xGTpF7TReT2vPIvKnhPuI3CD0hedkShzrn7WqWFegHGW8DQgFYoNA5HtNxFy%2FNNteMLB7sj%2ByYNz8VIuSePTXbim2z1hdthLN%2Bkek4XI2Thbc2ttkcpHWc8meoW7Ci8qDQKwfbg703rGyP8b2n5xliyouES6RWxqN5yaweKsh5P2Os8DohHcsNgPRZpw%3D%3D%7Ctkp%3ABk9SR9qz4vebZg&pfm=1,https://i.ebayimg.com/images/g/CGEAAeSwuKNomSDU/s-l300.webp,2025-08-25T12:28:42.586636
Nike WMNS Air Rift Breathe Triple Black DN1338-004,121.4,$121.40to$144.40,Brand New,Free International Shipping,Located in Japan,N/A,0,0,N/A,True,False,False,False,https://www.ebay.com/itm/276982786359?_skw=nike&itmmeta=01K3FQRK6TDP6KA7AQNAB1TTSK&hash=item407d75e937:g:T4sAAOSwCTJn9lNs&itmprp=enc%3AAQAKAAAAwFkggFvd1GGDu0w3yXCmi1dpTSRhxCbtd%2BLE67OYR0%2BfnNlS--TnjxDndVBCcYzW65jx6MBuWruy7p2AAgXsjVZEr8iMaq9YHyIhqQMGDpvFfeBcqZMH2byRsvB9iew6NikRkQq%2FZmCgYoNBE9T6qrmYoFwQ7NTUxnLVa7R43N90nNcS2apwUoI%2Fl3LocgseRfEIV1JLW0o2H3%2BzuxSbCyjvbjLXB%2Fy73vcHuyfF3nE565sJzJDRmLqNAD2Lvna3jQ%3D%3D%7Ctkp%3ABk9SR9qz4vebZg&pfm=1,https://i.ebayimg.com/images/g/T4sAAOSwCTJn9lNs/s-l300.webp,2025-08-25T12:28:42.586636
Nike Total 90 Mens Womens Indoor Soccer Shoes White Metallic Gold IB5666-100,149.99,$149.99,Brand New,N/A,Located in South Korea,N/A,0,0,N/A,True,False,False,False,https://www.ebay.com/itm/177255727300?_skw=nike&itmmeta=01K3FQRK6T4GFW8K11QWFJDT40&hash=item294543c0c4:g:~r4AAeSwXsFob1kz&itmprp=enc%3AAQAKAAAA4FkggFvd1GGDu0w3yXCmi1cWS%2B9XT%2FHI%2FYiKzDisPl8f6sSkQIrFHkMV7OjJFZ7SuYqHWXV3ZWrHm2bYqA5UPL92hyhpiWY7poxn4Ev5xTrFizbhVtnRJWBub5PlSl651FmFaNEAIPt2bMFbN%2FT8vVBSN%2FP2mlNDNdPlt6qKTr7HgWc29oiMRhkREfyfTOhkR0l8J66POT3PvZSgI%2FCZn4YyADv%2BW4DCn%2BmzAhIwVIQ2dSInfx2ovXmiH9SuKY8p3w1vibjTS559uNtFtH%2BhruQ7mz5gMIFUBuJ87iG6%2Bhtf%7Ctkp%3ABk9SR9qz4vebZg&pfm=1,https://i.ebayimg.com/images/g/~r4AAeSwXsFob1kz/s-l300.webp,2025-08-25T12:28:42.586636
Nike Air Jordan 4 Retro Cave Stone FV5029-200 Men's Size New,249.99,$249.99,Brand New,Shipping not specified,Located in United States,N/A,0,0,N/A,True,False,False,False,https://www.ebay.com/itm/267367554555?_skw=nike&epid=17079441371&itmmeta=01K3FQRK6TVZR4CTY7XMQQXVP1&hash=item3e40591dfb:g:hocAAeSw2tdonjoY&itmprp=enc%3AAQAKAAAA4FkggFvd1GGDu0w3yXCmi1cZhPUjg2BnHx%2FVdD%2BEom5HeMfj9MhA0lDN83%2FykWQB3d6UWSJ6W8%2Bg0aY0vA%2FLQdxX%2BSjuhYIgExNrqMAEGn%2FJlW2It0yo2dg4EmrESYZmr2FZ3Okb3tTGx%2FePMHAMWCRQ2WNS1od%2FKc5lho3EFuPEXmE2%2BBzc3L%2F2iHexrEEw4zTihxxdcUPvit%2BB1fFfl37EEsQcscKxOf%2Ftbj6WMSsQUXovPSK%2B4U73%2BYOUXN5d5iUGTb6wXA0pcgdNJn4tvSgydGTyXoEXxyQZP31UGBg3%7Ctkp%3ABk9SR9qz4vebZg&pfm=1,https://i.ebayimg.com/images/g/hocAAeSw2tdonjoY/s-l300.webp,2025-08-25T12:28:42.603648
Nike Air Jordan 11 Retro Low Bred FV5104-006 Men's & GS Size New,139.99,$139.99to$209.99,Brand New,Shipping not specified,Located in United States,N/A,0,0,N/A,True,False,False,False,https://www.ebay.com/itm/267243868409?_skw=nike&epid=6068917055&itmmeta=01K3FQRK6T1XV78ACCJZW2W808&hash=item3e38f9d0f9:g:UyoAAOSwpvdoHA1g&itmprp=enc%3AAQAKAAAAwFkggFvd1GGDu0w3yXCmi1eCGc%2B47XFVY91qud3oBZgYHWt3V9XM2iWiYcLXMqs1EUSulODCY9b5Gr52VbGoNx7M0qKJFpuw6XPUvPt4IxpWTF3ROLljVq3YSCxxqzCfLDS2IOzmzvNmrfIojbx1T1G22iQvYTxCBk0MVK%2Fo%2FxkcUpu%2BG%2FgqtzOB0d9PFepRgmGj1WIHOvkNUvDDLRKTq3EvuGkqbmd2L5Ea5aCjY%2FZOgfqQ0l0TNUnt1S5BiSI4SA%3D%3D%7Ctkp%3ABk9SR9qz4vebZg&pfm=1,https://i.ebayimg.com/images/g/UyoAAOSwpvdoHA1g/s-l300.webp,2025-08-25T12:28:42.603648
Nike WMNS Air Rift Ballet Triple Black IH1990-010,145.4,$145.40to$164.40,Brand New,Free International Shipping,Located in Japan,N/A,0,0,N/A,True,False,False,False,https://www.ebay.com/itm/286492551272?_skw=nike&itmmeta=01K3FQRK6TZ08ABKZ06ZZTF5CQ&hash=item42b4496868:g:ZQIAAOSwSAhoIUCm&itmprp=enc%3AAQAKAAAA4FkggFvd1GGDu0w3yXCmi1fBTOMrP1Osir07DOxDKWO7gNsFZ3yhIQH%2B4v3bAV6oRr2%2FhVhNRC0JZqne7%2F7fCBgeTHGxSg7EM%2FLcaLOByC8vsrJiElYkDkk0nYuRokOshhaLRnZAbJAiro1PwI5zba5CX34XYn%2FQK1MBNRmWDNJorgezyy%2FjiBzLjOFLmXF4t3oY%2F1IuSp6YR2BK7e31wKQjsfs8ltnarskqqDWB2%2BMmJyMfyLhAakbduapmyvi959SF1xvGOX6VwCFR4eMMSRrDF25QBNNIAEy9Ab20ac3j%7Ctkp%3ABk9SR9qz4vebZg&pfm=1,https://i.ebayimg.com/images/g/ZQIAAOSwSAhoIUCm/s-l300.webp,2025-08-25T12:28:42.603648
Nike Air Force 1 Low Supreme Black Men's CU9225-001 New,169.97,$169.97,Brand New,Shipping not specified,Located in United States,N/A,0,0,N/A,True,False,False,False,https://www.ebay.com/itm/156873700585?_skw=nike&epid=16039832577&itmmeta=01K3FQRK6TD6AAPKXS894GP2WB&hash=item248666b4e9:g:Aa0AAeSw6lloEjVW&itmprp=enc%3AAQAKAAAA4FkggFvd1GGDu0w3yXCmi1dFkRMZjY6rxJa7jOv9G4cmY8Vz4AYVsJ4P00fZHlKAVoTN8hvnW5FKksVzS%2BC9AhT8qYdIjUPvYN0pNqAft7DgNHura44wzxeHoGrMDuVnsqBmuRnG7hEvUFbCsOO9qVKS%2B2lg5D8sLL%2Fmpsq2a%2B5b9mNSc7BLvK9SDXiFPAI0EAkylRtbKySNWUTnGAlJJ1hRhSLER%2BvAQOpUaFKEeM5b4%2FzMemhSGmz1EqpXZWn--uazM9UKQijZi%2Fz%2FQAhwop%2FudZGSdInTcDn0PK2MJfcd%7Ctkp%3ABk9SR9qz4vebZg&pfm=1,https://i.ebayimg.com/images/g/Aa0AAeSw6lloEjVW/s-l300.webp,2025-08-25T12:28:42.603648
New Nike Travis Scott x Air Max 270 React ENG Cactus Trails Size 10.5 Mens TS,319.99,$319.99,Brand New,N/A,Located in United States,N/A,309,0,N/A,True,False,False,False,https://www.ebay.com/itm/326292226350?_skw=nike&epid=26039819473&itmmeta=01K3FQRK6T8GCEQ2QW0Z9B5B5E&hash=item4bf888412e:g:VuEAAOSwkb5m~snB&itmprp=enc%3AAQAKAAAAwFkggFvd1GGDu0w3yXCmi1dCqdg2BcJ8EY81hbm6Yoxvi%2FKIgWAgm%2B1uUkTxjO8fgu24GTf3x2JOvuS9uky6nesF3olMQmO6GQgKFnRxuIxyU7zcvVCf1YkM%2FTvpfETsYFqfiltpphx3AekKQL%2FRne%2Bh%2BjhD5AYP7SMrannK7q4lNSewBmYg20M6Gq9Q8SYxba%2BCtYjgjYhpegTT0sCpPATgSk1k%2FQk6C4n3alO2JzeiNjZBSbG9oQdhXS0zJFovsA%3D%3D%7Ctkp%3ABlBMUNqz4vebZg&pfm=1,https://i.ebayimg.com/images/g/VuEAAOSwkb5m~snB/s-l300.webp,2025-08-25T12:28:42.619178
Nike Dunk Low Mens Sneakers™,199.99,$199.99,Brand New,Shipping not specified,Located in United States,N/A,94,0,N/A,False,False,True,False,https://www.ebay.com/itm/396109771069?_skw=nike&itmmeta=01K3FQRK6TC9J3MP53167WDVS9&hash=item5c39fb713d:g:XicAAOSwjP5netux&itmprp=enc%3AAQAKAAAAwFkggFvd1GGDu0w3yXCmi1cNW82lFFiNzEHDWRGBSdsbmWWcRw4tl4ORFx%2BApmjdV5j59nkDDnw8tdWEp5CsK9dlXnrQAOLlAnGmVPuIYYoLlpgJcUo865cASzm8trsvI40qiHP2VoqlGy%2BRb5HTrr5%2Bohg6U1EqY12Wun2niwu%2FJbC%2B5C%2FcidMNAa34YoPpMfBT4i8NWbayxNxc2YN3vva8tMlT4M7za5%2FKNtB1gTLgkPiYSDEJ%2F6HC79QI9WIHKQ%3D%3D%7Ctkp%3ABlBMUNyz4vebZg&pfm=1,https://i.ebayimg.com/images/g/XicAAOSwjP5netux/s-l300.webp,2025-08-25T12:28:42.619985
Oval Wide Fat Thick Premium Shoelaces Replacement for Nike SB Dunk,9.99,$9.99,New (Other),N/A,Located in United States,N/A,0,0,N/A,True,False,False,False,https://www.ebay.com/itm/174314156794?_skw=nike&itmmeta=01K3FQRK6TCST7YBRDGGD8BVR8&hash=item2895eef2fa:g:BlgAAOSwuSdi5hZD&itmprp=enc%3AAQAKAAAAwFkggFvd1GGDu0w3yXCmi1eD96Hr1hUFfUkYv2Bc7gAi26x6RPtoMJ7ZfldtoZbFwvU9jV%2B8fUudB%2BrcVwBSc0n%2BaXFr6pfjwM7zs53FRz8Hv9Sp8CgweQKU%2FUmDY9Kc7P%2BMOP5XoU%2FZsHzyGpPG8BYUq4Oc6RPPZZrUu7t90rjR3aeka8U5sXDTSZ3wT2yY3J8arsNKOpMr7efRnV4LgiWlc%2FGNjHUuEMxaQsQRnGESEleSfACUUtCNyAkDMZ%2FtMA%3D%3D%7Ctkp%3ABlBMUNyz4vebZg&pfm=1,https://i.ebayimg.com/images/g/BlgAAOSwuSdi5hZD/s-l300.webp,2025-08-25T12:28:42.619985
Nike Air Max 2017 Shoes White Black Gray 849559-100 Men's Multi Size NEW,149.63,$149.63,Brand New,Shipping not specified,Located in United States,N/A,0,0,N/A,True,False,False,False,https://www.ebay.com/itm/267301579419?_skw=nike&itmmeta=01K3FQRK6T20MWWDYD3FRHY1TP&hash=item3e3c6a6a9b:g:YYcAAOSwmZFoWr6r&itmprp=enc%3AAQAKAAAAwFkggFvd1GGDu0w3yXCmi1dRr2hx5F7VdKujZ%2Fq50AYgS4gvCPTRyS0iiRMKHmURjcuuaD8%2F7%2Bb%2BYipMfx0Xr1tO5Vv5TGhppZ76nJD8I60DS3zbcxgP4knhOEbx6YuWrHoavM808pFCgkWbcqcEJMkbYf26KXnCDWe37X6y5BQQpLsPPcAdQlgdwwNtTwO65qijFI24nH7fmJnYUTZr6QdYJHAieUof5ap3mjtuqmFLylyn5hnJo65qpcB%2FFsjF%2FQ%3D%3D%7Ctkp%3ABk9SR9yz4vebZg&pfm=1,https://i.ebayimg.com/images/g/YYcAAOSwmZFoWr6r/s-l300.webp,2025-08-25T12:28:42.619985
Nike Air Force 1 Low Supreme White Men's CU9225-100 New,164.97,$164.97,Brand New,Shipping not specified,Located in United States,N/A,0,0,N/A,True,False,False,False,https://www.ebay.com/itm/156873721227?_skw=nike&epid=12051935295&itmmeta=01K3FQRK6TS0F201PZ4RK2RAFR&hash=item248667058b:g:zEkAAeSwtvdn9Z0E&itmprp=enc%3AAQAKAAAA4FkggFvd1GGDu0w3yXCmi1cAKUAVAf7zCSkDfkZ2PfCG1V1GFMuKU9Zmnp47357mdLFYYkZhnMZV%2FkQXFFW%2Fg5xJmQwzlz69lqU3jf8WPIsdgZaEVkTdV0C%2FLCVe2QDLCF5DOqUHxt2dKELrjILKtGlsc8jDoxh%2BNgUGsGiFjo%2FcMgTy9w7KkXjPAD%2Bic8rWvw%2BMLgzUixXTEsZ8q8ie0L0JqgRRwNBYWeb5uYVV1GU%2BORWZLPSoOA5l1TTbs0EKV12w0jq4s04tJzPC1%2BjmCUOiYRIqT9dfG%2FOuSeKsTu0s%7Ctkp%3ABk9SR9yz4vebZg&pfm=1,https://i.ebayimg.com/images/g/zEkAAeSwtvdn9Z0E/s-l300.webp,2025-08-25T12:28:42.619985
Nike Jordan 3 Retro Pure Money (2025)Men's CT8532-111 & GS DM0967-111 & PS & TD,59.97,$59.97to$209.99,Brand New,Shipping not specified,Located in United States,N/A,0,0,N/A,True,False,False,False,https://www.ebay.com/itm/157176655234?_skw=nike&itmmeta=01K3FQRK6TBXM18WKMZJT7VHGS&hash=item2498756d82:g:-FkAAeSwFQ9oeN-r&itmprp=enc%3AAQAKAAAA4FkggFvd1GGDu0w3yXCmi1cUCIqz0YkEVsUWtab%2Fkn1NU1XLMOo1B%2BkwKdhQ4aGDGOPT7dzWFDaZTSe8ya02Utznwgb8P6P4D6OYZk0u9cKw5yGlLexRVxOUYOuakbdI7lk8dTr9jHKzdI0zIGEL%2FGMjUuJuLqjXyWbUrNrJqEHrxCbTWcwM9iCuYTs3taCBuqauIajlKEd5BEIOdr9NiKOzkJNUVuh%2BAjcFZtn3g2TBeRjftSAKPRYX4Bs4Ef33%2FMILBCxYRlIqTtFL5I9TGEVVkrqUYmOgWXNp9V3hZ%2Fnr%7Ctkp%3ABk9SR9yz4vebZg&pfm=1,https://i.ebayimg.com/images/g/-FkAAeSwFQ9oeN-r/s-l300.webp,2025-08-25T12:28:42.619985
Nike Cortez White Black DM4044-105 Mens New,59.99,$59.99,Brand New,Shipping not specified,Located in United States,N/A,0,0,N/A,True,False,False,False,https://www.ebay.com/itm/187347971452?_skw=nike&epid=8070461116&itmmeta=01K3FQRK6TSZ794N5BD1HRV22G&hash=item2b9ecf2d7c:g:Pt4AAOSwg05oU24v&itmprp=enc%3AAQAKAAAA4FkggFvd1GGDu0w3yXCmi1cpxFRJ235mjAUVuQDSJIUQXT8FQvrpuyWUNdyaCUh2x9hPfPEQNmPxPabREt4yIbpT8p5RKERbyBS3puzFRiOgCFdE%2Bn3I8Klye1ag6ro%2BUeUENCLeGIOO8SbxQeJnQyTA%2FQlZND%2FXSR7NoImr5Jm6I2g2arlfP12LmeyW3tXRkrrbUNrUqkYqA%2BKbaJ5LsP3T%2BvEA4SxV9eq5QkRToOKX5Y5m4MWH9hNCWHWX%2FKIs1yoMl1Xfze2o9vyKQmtYBiYlXPYELfRY38%2FIWw9qf8in%7Ctkp%3ABk9SR9yz4vebZg&pfm=1,https://i.ebayimg.com/images/g/Pt4AAOSwg05oU24v/s-l300.webp,2025-08-25T12:28:42.636693
Nike  Jordan 4 Retro Rare Air (White Lettering) Men's FV5029-003 & GS IB4171-003,159.99,$159.99to$239.99,Brand New,Shipping not specified,Located in United States,N/A,0,0,N/A,True,False,False,False,https://www.ebay.com/itm/157228844028?_skw=nike&itmmeta=01K3FQRK6TVCHNAFBT6C3FZYV0&hash=item249b91c3fc:g:m5sAAeSwtrBoldq3&itmprp=enc%3AAQAKAAAAwFkggFvd1GGDu0w3yXCmi1fCVvmBCwEvB3q1XKmJZ8sZKFFlW7aGotJ8tSWO6NPbElvccQUeMqnb0Raws9dghbhF12GKmaObfjIydq36Z1YegMD%2FxBwg69xzTpjT6NIQKMEco4ED9bM1Z9QesnJhQYY2OfE59HkksYi0PNQzeFo2ehPc8iclWGQ8nMkWtp3W2iS4LdnQOh%2FmV1A1gzL7nF1rDisZv%2BWm9ASPR6lG133EJ8bGIjetuOOkQujNnTlClA%3D%3D%7Ctkp%3ABk9SR9yz4vebZg&pfm=1,https://i.ebayimg.com/images/g/m5sAAeSwtrBoldq3/s-l300.webp,2025-08-25T12:28:42.636693
BRAND NEW -  Nike Air Monarch IV Black and Red & White and Blue (4E Wide and D ),45.0,$45.00,Brand New,Shipping not specified,Located in United States,N/A,0,0,N/A,True,False,False,False,https://www.ebay.com/itm/376339068087?_skw=nike&epid=10039817702&itmmeta=01K3FQRK6TY744SBW9DDHX6NF2&hash=item579f8e74b7:g:nTQAAOSwTQNoTcMe&itmprp=enc%3AAQAKAAAA4FkggFvd1GGDu0w3yXCmi1ep3xUrZhz5VCeWNiH7AlpYGGaDBtzmBj3A0cTxjnzxxVqeT0%2FCQWiuInFXFBKpIuBfTKWa0rv0KYchpAqrK0ZQJFt0YOTlwRK70FHjAPYSKvcv194usqOwFRew7YhCCFt5ZZV67W--si15lqWRLC3utkKeH4XimhWp%2FXTmHVJ1hVP8EHsy6OF3Ez9cubUqMfSTsy8vN8cK1Wl6mLPzjwVAnL5FbDw2clBfypEpWoM538BNA7GGPBwxN7yjHkmuOzmY01OQWGabmV2Y52KCDIof%7Ctkp%3ABk9SR9yz4vebZg&pfm=1,https://i.ebayimg.com/images/g/nTQAAOSwTQNoTcMe/s-l300.webp,2025-08-25T12:28:42.636693
Nike WMNS Air Rift Breathe Triple Black DN1338-004  New Fedex or DHL,119.0,$119.00,New (Other),Free International Shipping,Located in Japan,N/A,0,0,N/A,True,False,False,False,https://www.ebay.com/itm/306395725058?_skw=nike&itmmeta=01K3FQRK6T5G958MZ9WJ9QGMD7&hash=item47569bbd02:g:~dgAAeSwXdtodX5V&itmprp=enc%3AAQAKAAAA4FkggFvd1GGDu0w3yXCmi1fFo%2FYvw2xMEwF6%2FXzH%2BXN4lGMGvQz4gSTQAVg8w8Ixz5d%2FuI6wbD8SkCS7%2FvpTknIldQyhS6yLHc7si%2BuF7SmV99vC3aDCXLVBQBQ%2FV4CMsNgqdwmketma67C4CsXCL2GZZp4ME0%2B1GN%2B%2Bk0sELq8IDLS05nVsVeLy84I6Sj8ucEaYD%2FVuUeiw7IUaEp4cMxQXbN9sHeFxbU3H%2BCIW%2F54NVBr3tqoV8rP8qYYUKW3tJyOkcWy0XpDCQfLxkosAI8rX5imFagdqrta%2FZgJGwt5v%7Ctkp%3ABk9SR9yz4vebZg&pfm=1,https://i.ebayimg.com/images/g/~dgAAeSwXdtodX5V/s-l300.webp,2025-08-25T12:28:42.636693
Nike  Air Rift Breathe IB8881-001 Buckled Straps Black Women's Size,179.48,$179.48,Brand New,Free International Shipping,Located in Japan,N/A,0,0,N/A,True,False,False,False,https://www.ebay.com/itm/396734524329?_skw=nike&itmmeta=01K3FQRK6VDKC54RQKYPFCNRWF&hash=item5c5f386ba9:g:ha4AAOSwy2ZoUrpP&itmprp=enc%3AAQAKAAAA4FkggFvd1GGDu0w3yXCmi1fQClH5ZEXnhq0g3nIfh3gHUy7hdCtQXxE%2BtKGXsjpfjUS1qAh%2BY6vKlAfuqi%2Bxr3b%2Fm08twqbtkf4u9fR2G4VIFxvfXwb2JyKOfRFOZF%2BBBe%2BqJ%2BbotmQwMRfNYGlXzHLG9xz4kistfUqa9ac8SBQZTDcsrepS6oGUSwvYqOvl6Lq92ygm4sqEfObLe8Cqy7ap3XVAGmoTEuC1XN13V75mSA6NRbaF84%2F0svoYKzqLI4n1prZnmE2yqoaqXV%2FMracN%2B2KMHzJjOaE%2FI3pdozsc%7Ctkp%3ABk9SR9yz4vebZg&pfm=1,https://i.ebayimg.com/images/g/ha4AAOSwy2ZoUrpP/s-l300.webp,2025-08-25T12:28:42.636693
NIKE WMNS AIR RIFT BR BLACK Women's Shoes IB8881-001 US 5-9,177.85,$177.85,Brand New,Free International Shipping,Located in Japan,N/A,0,0,N/A,True,False,False,False,https://www.ebay.com/itm/357126012494?_skw=nike&itmmeta=01K3FQRK6VJTHJT0RRQ5XDEEGM&hash=item53265e7e4e:g:jUAAAeSwNcJoXrkU&itmprp=enc%3AAQAKAAAAwFkggFvd1GGDu0w3yXCmi1f7cX62F45fnKn0lzTqRfKhGmr%2BLte6WIn%2BYJqSs%2BpRX4tMp1QC6L9vrpIh92TR3p%2BiAy09WXlDKaxDiLmVnQoL8iF0u9gvI7iUgQfsG8Wkf8u%2BTbv1ccJoUgMHGfS3%2BM6uMTqb0MabSoQom9BTQwXNaMMureAfkZQddFk%2F%2BAoKSJh%2Bae4%2BkYymDUoUUorRLjDNfD8EOS1Z6wS7SEVa6O575R%2F1lmtX9inyureWkjhkcw%3D%3D%7Ctkp%3ABk9SR9yz4vebZg&pfm=1,https://i.ebayimg.com/images/g/jUAAAeSwNcJoXrkU/s-l300.webp,2025-08-25T12:28:42.652177
Nike Air Trainer Huarache Cool Blue IH4470-001 Men's Custom,295.75,$295.75to$466.98,Brand New,Free International Shipping,Located in Japan,N/A,0,0,N/A,True,False,False,False,https://www.ebay.com/itm/317089856424?_skw=nike&epid=13084178668&itmmeta=01K3FQRK6VE1ZW5FSSFJFY3519&hash=item49d4073ba8:g:NAEAAeSw5CJoham0&itmprp=enc%3AAQAKAAAAwFkggFvd1GGDu0w3yXCmi1d8pxfLWTmoGwpoce60oYtzLltewqj2UfhP3qULvLOwrrzigSYeNTTS03Dots%2BRHBfcYGWqZwusmjtGjlVcJCukuoTSo4jLzYyqy8noXeapAjEJWCR7xjb45Qbxrfobo7E%2FVfzTWyA0pGMRhkA2HXUDJgAjwMDSWi%2FJVdDBVF2kUi%2FnE0BHibNbrwYshyf7hOdXgtRkdkO2J1ognuO61UunwFwCgp9ZHU8s%2F3EE%2FwXEqw%3D%3D%7Ctkp%3ABk9SR9yz4vebZg&pfm=1,https://i.ebayimg.com/images/g/NAEAAeSw5CJoham0/s-l300.webp,2025-08-25T12:28:42.653308
Nike Dunk Low Retro PRM HF3145-001 Medium Ash and Black Men's Size US3-18 New,130.05,$130.05,Brand New,Free International Shipping,Located in Japan,N/A,0,0,N/A,True,False,False,False,https://www.ebay.com/itm/197591173160?_skw=nike&epid=26075585922&itmmeta=01K3FQRK6VR9NH5TCMTBTZJ04B&hash=item2e015a0828:g:ZTYAAeSwpllokZfD&itmprp=enc%3AAQAKAAAA4FkggFvd1GGDu0w3yXCmi1cH9X7onKK9xu64WhrCSsD6G7%2Buk2lU0leJnhJMCt%2BtlGIdaNK%2BNh8z7Y1uUITXe00jiK5EN8wSnVgtEiSGMsPHZAMOLNfiXMd1Q2MzCAQOiKc%2BYUt0CaLukMVwdV1nIVoM%2FJuglRq3PtgQIV0uhlMBlp%2B8X17LPhCT4pTgwreQzBdLNajuhm84JAO8TSAtbQqCnrjuYhLgwtpZ78171l8Z1%2B4%2BPL2BXBQ%2Beme%2Fetim3pLlTugkrehGCXQ88FoUn3zPL8hXM5Ta075uSKD3VLwh%7Ctkp%3ABk9SR9yz4vebZg&pfm=1,https://i.ebayimg.com/images/g/ZTYAAeSwpllokZfD/s-l300.webp,2025-08-25T12:28:42.653308
Nike Air Max Command Mens US Size 7-15 Black/White Running Casual Shoes NEW✅,87.58,$87.58,Brand New,N/A,Located in Australia,N/A,0,0,N/A,True,False,False,False,https://www.ebay.com/itm/225272243923?_skw=nike&epid=26058781072&itmmeta=01K3FQRK6VCE5D0A45KBQ6DNGK&hash=item347345a6d3:g:JXwAAOSwVKBjhHtE&itmprp=enc%3AAQAKAAAA4FkggFvd1GGDu0w3yXCmi1eSaG89%2Fh2sh%2FzxbNqvL3mUCnbPm66F9bSDSB9Il3sXMpXULHzq2jTxmHprB9p4JbJSxfBB%2B9uPAVrbFT%2BxH1H9AsZlVMRvJReOkhfQmB4Wfg4HpzEHSvpQB2VmGT06GJwgxPQpCweJFo2H9byTNrfAiWoMVWQJXgHdJ7Y1xs2zMART1GXagdHMjm1NAlmSIIuFxhUbJiCy5ylJaAaUB%2B0p%2Boja85APxPQfE87f2vhIlJY3%2FBUykvolUPi5jWvX3MsrfxCgr4a7bJo1AHny2PBW%7Ctkp%3ABk9SR9yz4vebZg&pfm=1,https://i.ebayimg.com/images/g/JXwAAOSwVKBjhHtE/s-l300.webp,2025-08-25T12:28:42.653308
Oval Wide Fat Thick Premium Shoelaces Replacement for Nike SB Dunk w/ Tips,10.99,$10.99,Brand New,N/A,Located in United States,N/A,0,0,N/A,True,False,False,False,https://www.ebay.com/itm/176318813160?_skw=nike&itmmeta=01K3FQRK6VGA13Q4S6J8S4MDGV&hash=item290d6b93e8:g:fbgAAOSw~z5mDkFW&itmprp=enc%3AAQAKAAAAwFkggFvd1GGDu0w3yXCmi1fKCQ6dSEzJvzcXIEeZKEx64H38vLOMsnQmomyXqycgd3tqdbnJJZTZr8VQbSIlw3N33xP7iN0EAt2aXCha7LGZApmhOiVPmCahCnKgnARyO269EQ9mOYcv6qQdalosgSxMHSiyvmEIixWyRO%2FlaFOkw0qM2pLXAWwuL05Z1tzHt6LmMV3CIS2Zvijhn%2BUBL3luHv6O5YSP3N2R3lohKKQ5D%2Bb4JOj0JBIZk4zKlZu%2BlA%3D%3D%7Ctkp%3ABlBMUNyz4vebZg&pfm=1,https://i.ebayimg.com/images/g/fbgAAOSw~z5mDkFW/s-l300.webp,2025-08-25T12:28:42.653308
Nike Blazer '77 Vintage Mid White Pine Green  Men US Size 10 NEW,71.99,$71.99,Brand New,N/A,Located in United States,N/A,0,0,N/A,True,False,False,False,https://www.ebay.com/itm/376489265266?_skw=nike&epid=11045628266&itmmeta=01K3FQRK6VF5KEH5TS82Q84V49&hash=item57a8824872:g:Xj8AAeSwJyFoHsO3&itmprp=enc%3AAQAKAAAAwFkggFvd1GGDu0w3yXCmi1eubDEGmJSR08ggwNEwzN%2BaKQ5%2FDGF1ueQM3UZHa8CmqC1%2FBp%2Fyv09Dk78Fsz338NSq8tc9LlvgneAbpWRu%2F76eQwVR%2Ff215kNFK29u6RJV5oDimes6cTvugnux3v0n4Sj0tp7WIBLJ2uDrsGanZIrFE4hMFrVgqwiiumTHpAZ1iOcMFy%2FrjObOqXTOZ1s79Dq%2BE5kG5a38JprYzHjtOB5OxNPiNuMkQCYFKVE44XEYMQ%3D%3D%7Ctkp%3ABlBMUNyz4vebZg&pfm=1,https://i.ebayimg.com/images/g/Xj8AAeSwJyFoHsO3/s-l300.webp,2025-08-25T12:28:42.669975
shoesOpens in a new window or tab,199.0,$199.00,Brand New,Shipping not specified,Located in United States,N/A,0,0,N/A,True,False,False,False,https://www.ebay.com/itm/396988977161?_skw=nike&itmmeta=01K3FQRK6V988X3TJ945HHEYBE&hash=item5c6e631009:g:OlkAAeSwLY9oqnjs&itmprp=enc%3AAQAKAAAAwFkggFvd1GGDu0w3yXCmi1dRQW2iW8PVz2selleYNTlQk11sn2FEiHCzHmgpM9ANVkm%2BP1S9nFxkIBLmxHzqbANkMVAZsfX2sxUAjOXx1UMtEhKvrD7g%2FiXn3i20QVp53%2B3UXlnkwISmfTuX3%2FdU50lOi6wCYOYmRvZA%2FYlU%2FlnHONGpLZ8kc3HYnQK%2BubsbO9uKWbt4OqSdSMcG%2BBzvd0k4e9wRHwENmIZW8%2FigXQLavZalMXxx%2FMfHAKAIVIcicg%3D%3D%7Ctkp%3ABlBMUNyz4vebZg&pfm=1,https://i.ebayimg.com/images/g/OlkAAeSwLY9oqnjs/s-l300.webp,2025-08-25T12:28:42.669975
Iced 14k Gold Over 925 Silver Moissanite Swoosh Lace Locks Sneakers AF1 Jordan,99.14,$99.14,Brand New,N/A,Located in United States,N/A,324,0,N/A,True,False,False,False,https://www.ebay.com/itm/145622175701?_skw=nike&itmmeta=01K3FQRK6VKFA68MJY1Q642RXQ&hash=item21e7c20fd5:g:5TwAAOSwljNl063W&itmprp=enc%3AAQAKAAAAwFkggFvd1GGDu0w3yXCmi1dSlBhJlx29j5HuFw6nkL4PIh2I%2BqhX5UlP%2FVyUbcm8oOwfKjduFunlxFHZpVQvRLM2recEGMkvW00abZfIsq7AOPgKKdUPb3YMnTsRUVz9giu8ddseMC2cRXk%2FW9P8abKSxy2EX%2B4F%2FYwssY0Dgf8bgs02MJdPp7ke6Io11bvrXQIxJicSLh%2FUYm%2FnctEyxnGJppHUdOFdC09lrc5E2bnP%2BWB4oDrWqipKPqrI%2BzS%2FQg%3D%3D%7Ctkp%3ABlBMUNyz4vebZg&pfm=1,https://i.ebayimg.com/images/g/5TwAAOSwljNl063W/s-l300.webp,2025-08-25T12:28:42.669975
Nike Vomero 18 SE IB8164-999 Multicolor White Sail Black Men's New,120.0,$120.00to$122.00,Brand New,Free International Shipping,Located in Japan,N/A,0,0,N/A,True,False,False,False,https://www.ebay.com/itm/388666071437?_skw=nike&epid=6084086094&itmmeta=01K3FQRK6V437N91TSA0Z0Y5HP&hash=item5a7e4d998d:g:Uc0AAeSwNyhoa1gw&itmprp=enc%3AAQAKAAAAwFkggFvd1GGDu0w3yXCmi1eX0%2BjOE%2FGn7kV2fn3NuI4KG04ZXdvYte1XT%2FAK00K%2Fm8ywwQ9FkSHQC7T7MjL6l%2F5g8CqOY0QpLmuTjMw%2FkrROaD4rRCvw1Q12rkH5KizI5fHSkchWtt7IIaygBNra%2FmTdNt0ux%2BL6JRDHKycmoJF8txIKNbtWOqZeNfQXGp1BTvU%2BeIl1W2zjEiZ%2BLQldiKtqj6hIIdD3V9DLGcXAMIiUkj7ueYbl9C9Js2hOlBBUgw%3D%3D%7Ctkp%3ABk9SR9yz4vebZg&pfm=1,https://i.ebayimg.com/images/g/Uc0AAeSwNyhoa1gw/s-l300.webp,2025-08-25T12:28:42.669975
Nike Air Trainer Huarache Black and Cool Blue Sneakers IH4470-001,170.55,$170.55,Brand New,N/A,Located in South Korea,N/A,0,0,N/A,True,False,False,False,https://www.ebay.com/itm/187449630669?_skw=nike&epid=8084182560&itmmeta=01K3FQRK6VGP0D09N6HFPDT2GP&hash=item2ba4de5fcd:g:CdQAAeSwEA5oidMx&itmprp=enc%3AAQAKAAAA4FkggFvd1GGDu0w3yXCmi1cmwU7c25RbAe6DzLZVjcEWM4rOnEkflKOvFNkXQnPAUcshSkeK2KL2DA1p7lYl3DurSXflbTTdRN205m8f%2B4d8Uc7ZxeNjC41DdNPFn7prYIkziVXtpsQlQjo%2FlTBN%2B1aBHkngmp%2F7FtCY5huVyHH9QUf8Qt6WNqmws1Oq5NgQ5LDgnO8e0zDtfXBfvE7FGUX3pT%2FzJcWVghJ4BBZLZ0Ul7588oJdSFtYDpHPnDf3s%2FIxsZdjietIxHNzenfXMPhBTsS4NAl%2FOMxBHeCo26IIY%7Ctkp%3ABk9SR96z4vebZg&pfm=1,https://i.ebayimg.com/images/g/CdQAAeSwEA5oidMx/s-l300.webp,2025-08-25T12:28:42.669975
"Nike Air Jordan 40 XXXX PF ""Blue Suede"" Blue Grey LT Armory Black HM9932-400 Men",215.1,$215.10,Brand New,N/A,Located in South Korea,N/A,0,0,N/A,True,False,False,False,https://www.ebay.com/itm/257073504633?_skw=nike&itmmeta=01K3FQRK6VT3AFYADWXRPP19E5&hash=item3bdac66179:g:ZGkAAeSw9vRopZEW&itmprp=enc%3AAQAKAAAAwFkggFvd1GGDu0w3yXCmi1f9jfAz3n4%2FJcIFnY6RLWjB09pdcHMnfDm7GnCvofGZf6AB0SoF5aqK0UpHFowIIxlMzI3lUZmHO4Lfv%2BhovWrllsRfAcmhxaRLemRMUnnLi4NSg%2F034nI1cqw7jdQX1OLZJZXPSCPJbCJ8gSyQFvh52ufwKcTJVotKX8hrd2KDowyM4IihW%2FP%2Fd1q0UpoS1hFUvzk74QC7G4ZAPDCygQ3iYUyMoCa5vRMKuLRf%2Frv0ug%3D%3D%7Ctkp%3ABk9SR96z4vebZg&pfm=1,https://i.ebayimg.com/images/g/ZGkAAeSw9vRopZEW/s-l300.webp,2025-08-25T12:28:42.686651
NIKE Shox R4 HQ1988-600 University Red Black Metallic Silver Men's Size,179.39,$179.39,Brand New,Free International Shipping,Located in Japan,N/A,0,0,N/A,True,False,False,False,https://www.ebay.com/itm/396348147344?_skw=nike&epid=18075290181&itmmeta=01K3FQRK6VZCH9HS7NCYKDE4YG&hash=item5c4830c690:g:AowAAOSwTQ5n98uX&itmprp=enc%3AAQAKAAAAwFkggFvd1GGDu0w3yXCmi1d7wwdr5lKDsd4APme2opIohVLERl0dCZf%2FqG5SiUV267QAMiUCOPKoGdGiKGA0qaNP%2F2XHIr90HSytvCRp1ToipjL1qGmNBJEkJ0wUmkyHmG%2FZtufkb8Hy0AtIdTpupmbSVZbdyESVdTGbwZAHcdsg%2B5zv%2FAXnCgjGSA%2B8CfFXPaHrhNNVSpbpWRqdlH00T59OaFakdZYiaLNsUXX79%2BjXaA%2FXlR6Xd1%2FCer5lvgCDPw%3D%3D%7Ctkp%3ABk9SR96z4vebZg&pfm=1,https://i.ebayimg.com/images/g/AowAAOSwTQ5n98uX/s-l300.webp,2025-08-25T12:28:42.686651
Nike Air Trainer Huarache IH4470-001 Black / Cool Blue Men's Size US3-14 New,238.99,$238.99,Brand New,Free International Shipping,Located in Japan,N/A,0,0,N/A,True,False,False,False,https://www.ebay.com/itm/197541868753?_skw=nike&epid=8084182560&itmmeta=01K3FQRK6VZHCGP9R5ENRM6BJ8&hash=item2dfe69b4d1:g:sKkAAeSwQRJogjod&itmprp=enc%3AAQAKAAAA4FkggFvd1GGDu0w3yXCmi1e2AU%2BHPhMVb80z1muLcJuMDgKZ4qwmdEuDjjjiJxQqbDpHYqC3yr4Yp7hDvT2SdTymvshAwLQ0gXMPBe%2BW4cVkgx%2BYOxHUWsZhSVSoMS88El7FLDg8OqYW2qQkMAZBOfL3%2FrGS6DnTMiex4UaBp%2B6PAXHK9ABFxVt4T4V4tTWYrPjHVDmsCzTDGsTN8c23KIxFziE7b3VSMG3VKqW9DG3KbTb6Y0UvqfHchOPWLI8nxUn%2FW2b5fqdsYrktVSo4jgPToRWsqdNNhZxIw%2Ff%2F08nd%7Ctkp%3ABk9SR96z4vebZg&pfm=1,https://i.ebayimg.com/images/g/sKkAAeSwQRJogjod/s-l300.webp,2025-08-25T12:28:42.686651
NIKE WMNS Air Rift Breathe Triple Black DN1338-004 Women's Sneaker,117.99,$117.99,Brand New,Free International Shipping,Located in Japan,N/A,0,0,N/A,True,False,False,False,https://www.ebay.com/itm/306294227807?_skw=nike&itmmeta=01K3FQRK6VT2D74C1WAKB7J181&hash=item47508f035f:g:584AAOSw6EdoItSU&itmprp=enc%3AAQAKAAAA4FkggFvd1GGDu0w3yXCmi1cCcNTItrwPUhGHezx2HmD1YLtudJs3jtI9tXQaVyW6dLMKipeUb%2B3iygnen0%2FaiUa2Fw%2FqB%2BAm9wSoU6P51Zj0ZKUUi6AcNDpOqMAhuGH1Ad6Apm5U4xFq3bLzhzB6YXihOH40s6PB1gCioUE21YG%2FmoncnjJNSvmgcnC%2FMvHUNRS51Y7uJI3Axef8Pd0prgGbOZnbKI1eWrTjoZ3uR4Xy7OZLpXVJwY6ITyG20CJbVRrpnOkZqz2JKT%2BdCHHUGstyhsmC45CPPkYMEk%2B5vuB4%7Ctkp%3ABk9SR96z4vebZg&pfm=1,https://i.ebayimg.com/images/g/584AAOSw6EdoItSU/s-l300.webp,2025-08-25T12:28:42.686651
Wmns Dunk Low Next Nature ‘Bicoastal’,185.0,$185.00,Brand New,Shipping not specified,Located in Virgin Islands (U.S),N/A,43,0,N/A,True,False,False,False,https://www.ebay.com/itm/135730336432?_skw=nike&itmmeta=01K3FQRK6VZJWPRSTEHN795Y4P&hash=item1f9a2892b0:g:CMMAAOSwFLFoCh5o&itmprp=enc%3AAQAKAAAAwFkggFvd1GGDu0w3yXCmi1e1rdTqEnzoETO48R3DeWCm%2B%2Bnq6ZVkvi0P7I50yVBP2QSQpX67LD%2F9FEX4vN0hN616fXNfME0f73vl5xV0aX3p5WSE8Y0nhiZa%2BHTCnbFk8gIRfwOWpMZilvlHMB3Xqq%2FvuE58J71buKzQt64BQjBo9d1MvvK0N5esxtj%2BIFL61kIN2VSQbjfEaH8VKKkWBq8sKyLSTk5SkgWQfEEzJcHa0gSnKrdrl6hAgXzRDIeW%2BQ%3D%3D%7Ctkp%3ABlBMUN6z4vebZg&pfm=1,https://i.ebayimg.com/images/g/CMMAAOSwFLFoCh5o/s-l300.webp,2025-08-25T12:28:42.686651
Nike Men’s Sleeveless Training Shirt Blue Size M Athletic Tank Top,18.99,$18.99,Pre-Owned,Shipping not specified,Located in United States,N/A,0,0,N/A,True,False,False,False,https://www.ebay.com/itm/388859841085?_skw=nike&itmmeta=01K3FQRK6VBV2T85X6P08YHKWE&hash=item5a89da4a3d:g:18AAAeSwRutopdN0&itmprp=enc%3AAQAKAAAAwFkggFvd1GGDu0w3yXCmi1fk76eCfvowFLqy4KL9%2BIytoD6HpqVD4ezSIyb1ocfFM7nMoFYA4i3gGI0gCAd%2FybV%2FxV%2Bwf7fOgwsaijJmBDVh8lJzi6c02iEYnEnvuClmj2Ms%2BK4a%2BaZoRRc5U560hpzEj8Nh9b1PTRhfnXa8FHJpgtcmKYHkIC%2Fwj0Y2NxKcvgywAK5LlGcIT%2BqHgL6U6wkR1sRZYfbZay8BsUmdRlIx2lCtAnS93U9KKjgMgb5X2g%3D%3D%7Ctkp%3ABlBMUN6z4vebZg&pfm=1,https://i.ebayimg.com/images/g/18AAAeSwRutopdN0/s-l300.webp,2025-08-25T12:28:42.686651
Nike Air Trainer Huarache Men's  Fashion Shoes Sneakers IH4470-001,168.26,$168.26,Brand New,N/A,Located in South Korea,N/A,0,0,N/A,True,False,False,False,https://www.ebay.com/itm/236238241492?_skw=nike&epid=8084182560&itmmeta=01K3FQRK6V4AWD762SY66SM6BB&hash=item3700e57ed4:g:~HMAAeSwfPhoixR-&itmprp=enc%3AAQAKAAAAwFkggFvd1GGDu0w3yXCmi1ds8Iy92wTsN0ozM3MYmOe4aOXmMF%2FJTOlWMyASKUzOaA6tkR1ayyQtAXbjkRlKitK3Ysn%2F6mn7SpWTf65Dg%2BNRr0Y7DIpCJWB89%2F1GK2oZL75oPr%2FwsAXMDbRFjJ9y3Yqobt3CUL0J2vHfonaLETYkV8ZW5mZCnIG4Ittw2ISKjMPfJHWmZ7LMuMrnocOd5hJik4uh46W6jY4mxF2VQRtmWbttZuIF%2F02CH9K1eXRX4g%3D%3D%7Ctkp%3ABk9SR96z4vebZg&pfm=1,https://i.ebayimg.com/images/g/~HMAAeSwfPhoixR-/s-l300.webp,2025-08-25T12:28:42.703515
NEW Nike Air Max 97 Men's Sz US 17 UK 16 Cool Grey Stadium Green 921826-020,150.0,$150.00,Brand New,N/A,Located in Ukraine,N/A,0,0,N/A,True,False,False,False,https://www.ebay.com/itm/376497962963?_skw=nike&epid=10065343270&itmmeta=01K3FQRK6V6YS6EN3517NQ2H7J&hash=item57a906ffd3:g:1U4AAeSwtX9op03u&itmprp=enc%3AAQAKAAAA4FkggFvd1GGDu0w3yXCmi1dwWspAfvGOcc%2B5ypVAGk%2FXQLrbOzDHkt2JMtlo7CsZ%2B%2F41b3lqa2p2NhewZp7xcnTDtvuCzOsdgzoIlf0o7cPic7erxgG3eB%2F33%2BamIGH%2FGqs902%2Bb7tUbTeT5my6g23bpgGgU9f0MQgVcSE035vzmw63bS8FcJaHUMD0ZVfcmWu8mrGKmF6v%2Ba%2BEVhuRueW3U%2FMyzeYoE2gRVPsOMSQnRAozCbmTseSc1%2BNr%2FEH7uhUupQ%2FFz7AznNacvGQEUEFZLGH7nWiPqXIxJiXKlzHoF%7Ctkp%3ABk9SR96z4vebZg&pfm=1,https://i.ebayimg.com/images/g/1U4AAeSwtX9op03u/s-l300.webp,2025-08-25T12:28:42.703515
NIKE AIR MAX 2017 TRIPLE BLACK SIZE US 7M-14M RUNNING SHOES SNEAKERS NEW TN 💚,97.03,$97.03,Brand New,N/A,Located in Australia,N/A,0,0,N/A,True,False,False,False,https://www.ebay.com/itm/315735831797?_skw=nike&epid=15047595478&itmmeta=01K3FQRK6VBJKSXY3YF8F20K3N&hash=item49835274f5:g:4EEAAeSweq1ojGU5&itmprp=enc%3AAQAKAAAAwFkggFvd1GGDu0w3yXCmi1fgKlLuZkGJo4K7e1PjDhON2EfVoVIH%2FX4o51jftJd5fsTngA3cf1qNxiq5zdz0--HJaIGpdBOAheB0rZ8OX9G4%2BVtJr3vRHnYSxwfDbCsinnURkrTLVTECmS%2F%2BosWuDO9bfDb0WrBGmS%2FhWQLH4ZtSnOGpNRf6K4cDimEuz9syUulkU%2Bi6%2FaVve6fdHmT23GsFZre5bvPHAXZsW6m0h6bwBlKARiIKoJYeU3UPJtML5g%3D%3D%7Ctkp%3ABk9SR96z4vebZg&pfm=1,https://i.ebayimg.com/images/g/4EEAAeSweq1ojGU5/s-l300.webp,2025-08-25T12:28:42.703515
Nike Air Force 1 '07 Low Jewel White Black Sneakers HQ3826-100 Mens Size NEW,109.97,$109.97,Brand New,N/A,Located in United States,N/A,0,0,N/A,True,False,False,False,https://www.ebay.com/itm/317196897465?_skw=nike&epid=9071729652&itmmeta=01K3FQRK6VEJ3XS85E2JYWM7K9&hash=item49da688cb9:g:nA8AAeSw5xhopijV&itmprp=enc%3AAQAKAAAA4FkggFvd1GGDu0w3yXCmi1c8C8Osuan%2FWk4NEUXzvWnByLmuMHZb6n8Y5cM2uyRZpWj%2BLgZiez%2Fn5Pba5oOnzaSSqvOMG%2B3jouH0NSuQwOwaWvv7alloLwDSwBDGpKbSdgkss7Ph05qNQZAokSqZwqfkJNIPKMKRSjtPZ1%2Br3CJLNCOOTP92w2ngig9pSKaCcC0CAhIhmENswHoi0IE%2FlTtR9cLF2aENCkP%2F5JNuAkB4tM7DLkwGi29v9alat3c%2Bl%2BaOzHRwr4Lli%2Bxyc%2FcaU2fxRwXlKTERBLH3TZKD7Wi9%7Ctkp%3ABk9SR96z4vebZg&pfm=1,https://i.ebayimg.com/images/g/nA8AAeSw5xhopijV/s-l300.webp,2025-08-25T12:28:42.703515
FZ3055-100 Nike Air More Uptempo Low Triple White (Men's),162.0,$162.00to$385.00,Brand New,Free International Shipping,Located in Japan,N/A,0,0,N/A,True,False,False,False,https://www.ebay.com/itm/256668894624?_skw=nike&epid=27071099753&itmmeta=01K3FQRK6VAV2S22VWRAN7Z0AK&hash=item3bc2a885a0:g:rugAAOSw5TRnOuxk&itmprp=enc%3AAQAKAAAAwFkggFvd1GGDu0w3yXCmi1e6bS5etsQ2k7trPAeGl3fD7CYAdyK75eqdjVzyqCTT5r5HtWFco491H2pJeSjigKedaDx9RV%2B6Zqvbexy%2FKYL818yXJQhy%2BDQRXuLgf8MTtIFlfVwqxAoTjAjRZ3%2FVDnoH8D7pYqi9vCpGAl4GFGrOq555kIUKlgugTrXHmEyhnOf6sKsbiyO44X75KRSpEiH6HONioSVc%2F8kHY0sQ9VDOEoeyKQxMqjU1IhJsq8ylOg%3D%3D%7Ctkp%3ABk9SR96z4vebZg&pfm=1,https://i.ebayimg.com/images/g/rugAAOSw5TRnOuxk/s-l300.webp,2025-08-25T12:28:42.703515
Nike Air Max SC men's sneakers sports shoes shoes sneakers casual shoes,89.05,$89.05to$93.73,Brand New,N/A,Located in Germany,N/A,0,0,N/A,True,False,False,False,https://www.ebay.com/itm/196898540734?_skw=nike&itmmeta=01K3FQRK6V6PG6PY21XB7ZQC9A&hash=item2dd8114cbe:g:vM8AAOSwapdnYUp4&itmprp=enc%3AAQAKAAAA4FkggFvd1GGDu0w3yXCmi1fFz9Pv6427WipN3wGqx%2F6SmE0CSb0POu0QLtwhZyPhM2jFgmu13HMmxq77VhX4%2BfWfwCJeRay08c265I2q2bvBaw4CA8qX2%2B0GzqX4gaEsx03EHKc8dtsp5%2FeyUDJfM8B7kbTEbn6etZJiWvP%2FkS3IZheuBjbS26%2BmAtQwR20XYO6usRTxikgX26XKu2NA3VITn3U6KN1B9CLugFMmP5j00yVUqVWyWcRUePUkqm6%2B99Og90AXkB%2BHxMCoja%2Btzc147ULI9PMyfwee6JsaAiSr%7Ctkp%3ABk9SR96z4vebZg&pfm=1,https://i.ebayimg.com/images/g/vM8AAOSwapdnYUp4/s-l300.webp,2025-08-25T12:28:42.720672
Nike Air Jordan 5 Retro Tokyo 23 Yellow IO3372-700 Men's Custom,436.82,$436.82to$571.20,Brand New,Free International Shipping,Located in Japan,N/A,0,0,N/A,True,False,False,False,https://www.ebay.com/itm/357496620767?_skw=nike&epid=16079803808&itmmeta=01K3FQRK6V95H65A2ZC1KHDNHJ&hash=item533c7586df:g:KdMAAeSwP5NopxLj&itmprp=enc%3AAQAKAAAA4FkggFvd1GGDu0w3yXCmi1dsDE6nQXAIOT4r8GEuihrfHBn4yfC9qnwY7da91%2Fl0UQmNCeokw8GTFrqn3DkYYY4A23%2FWQDkuQn2FVmkHrva5gRyw3M1p0dCaPWGkLFRvbdOPWBxOMcA4GrwPC%2FlUOo%2BGHi417HHKhQvF4%2FJJRioY7TM43uHN9cM8Lsa3Ps1ILR95A6f4iHoWYn9m2HlyqtRQPDleIdq6VCc%2F7H2AcNt8xb0wjpRMrfKHRfJ7396cyn9KcfoTecRgo5rkWWInTuTL0FzSRLQOCzX3nUKTMSU7%7Ctkp%3ABk9SR96z4vebZg&pfm=1,https://i.ebayimg.com/images/g/KdMAAeSwP5NopxLj/s-l300.webp,2025-08-25T12:28:42.720672
Nike Vomero 18 SE IB8164-999 Multicolor White Sail Black Men's Size,116.49,$116.49,Brand New,Free International Shipping,Located in Japan,N/A,0,0,N/A,True,False,False,False,https://www.ebay.com/itm/396073685939?_skw=nike&epid=2355115349&itmmeta=01K3FQRK6VNBXEZPTNNWM4W906&hash=item5c37d4d3b3:g:Re8AAOSwMepoUA8C&itmprp=enc%3AAQAKAAAAwFkggFvd1GGDu0w3yXCmi1eAc2y9wK%2BmHDKPQL57pOa6Foo4gsu5prIUulCpcyMYhiZnp3%2FimqWgesRMDg%2BnMKwLXaApOO1Nhwibj71%2FRep1R%2BIR0XbjHzSvH%2FedzDQFyz8jfRKtpZa0OfnfOrq7W7tUgj0Bti80Y6AIk43dKMFbrqvL6kncQyiTvoqxD%2BUm%2FNn2YtTRMUkw%2F7ynBdXIj9Xs%2FBw%2ByZATgQ7oiilzTpDyGqE0paEjaNzTzfx6yx2ysg%3D%3D%7Ctkp%3ABk9SR96z4vebZg&pfm=1,https://i.ebayimg.com/images/g/Re8AAOSwMepoUA8C/s-l300.webp,2025-08-25T12:28:42.720672
DJ6189-001 Nike Dunk High Retro Anthracite White Black (Men's),141.0,$141.00to$274.00,Brand New,Free International Shipping,Located in Japan,N/A,0,0,N/A,True,False,False,False,https://www.ebay.com/itm/256327316625?_skw=nike&epid=24054305077&itmmeta=01K3FQRK6VW2FH3SJWZV90071T&hash=item3bae4c7491:g:xC0AAOSwVnll975k&itmprp=enc%3AAQAKAAAAwFkggFvd1GGDu0w3yXCmi1eqNbVRt9%2BKReyJjxaFEtYg4UNzI0NsLriOjpROQ0dZZ%2FhqNBotoSrIZFgwyw633IPyWjGRDboPGdFEThNP6DF2i2%2FMjsIyUluHEmPu6cPrpWarQJ3166%2FgdyWMLFYmP6tlfjFRXyzY8d59%2FzcR7KyvDp5XDXQoVk0%2FCw7Rz%2BcpV2VvNMsJjDvPvOKgcO06gACqYbw8bUCcJ8iRkce%2FHCoIIDuHLUL51ridWHuyFB7oAQ%3D%3D%7Ctkp%3ABk9SR96z4vebZg&pfm=1,https://i.ebayimg.com/images/g/xC0AAOSwVnll975k/s-l300.webp,2025-08-25T12:28:42.720672
Nike Ja Morant 3 Max Volume Fuchsia Pink Mens Sizes AUTHENTIC NEW,150.0,$150.00to$299.95,Brand New,N/A,Located in United States,N/A,0,0,N/A,True,False,False,False,https://www.ebay.com/itm/336138679799?_skw=nike&itmmeta=01K3FQRK6V6D92PH23WXF1BNGF&hash=item4e436d35f7:g:uYEAAeSw6cpop880&itmprp=enc%3AAQAKAAAAwFkggFvd1GGDu0w3yXCmi1fQTGIEcjWgxJW%2FXT7kvC9K9iYzYMwtYld%2F36OwKEiqjZUsi3QhHOgVHXFeduS37os7GuZt4COKtICmgwNnQfr0ZoG6Ip3Ldr2t7IWU3E4iEDz%2FBYZ3EH%2FlpfZAQrSmkJkFhlD4T5QhVRZO6rtbT8FLwKuzZuJErmTJfCpt4oEY8csLpNPujWVLbw%2BzP4UHv6xOQVaqAQ8yaVC8eLEXojeGfTLGQUif62I7TJe%2FfkdB2g%3D%3D%7Ctkp%3ABk9SR-Cz4vebZg&pfm=1,https://i.ebayimg.com/images/g/uYEAAeSw6cpop880/s-l300.webp,2025-08-25T12:28:42.720672
Nike Aqua Turf FZ5627-001 Black and Off Noir Men's US3-14 New,91.99,$91.99,Brand New,Free International Shipping,Located in Japan,N/A,0,0,N/A,True,False,False,False,https://www.ebay.com/itm/197514726199?_skw=nike&epid=6074023906&itmmeta=01K3FQRK6VZ704P1F1ZGF4D574&hash=item2dfccb8b37:g:U3EAAeSwbgpodzvw&itmprp=enc%3AAQAKAAAAwFkggFvd1GGDu0w3yXCmi1fJIkYXYdK3bvQZCuD%2F7T5IQFCQzAgQpGFj2JZW6pDvqzUzJP2vvn%2B3NZca53Kkabzp%2B3T%2B3Pu3PAQEaqmbCweJVAjQQMMtLUrBoTJ2QNgy%2F4Egd1sanf3MbMI96bioImxYSZ8TuWScH1dCGspJL4lVbUA%2F3hS9IfgUe9NESMaQ0RLDRSef6yRJAzp3rBBIZZIODZrp0cFnw2mWYEZlWIPsWgt2IfU36l8f3OeZOVDV1g%3D%3D%7Ctkp%3ABk9SR-Cz4vebZg&pfm=1,https://i.ebayimg.com/images/g/U3EAAeSwbgpodzvw/s-l300.webp,2025-08-25T12:28:42.736365
Nike WMNS Air Rift Botanical Team Red Pale Ivory IH7318-677 new with box,185.0,$185.00,Brand New,Free International Shipping,Located in Japan,N/A,0,0,N/A,True,False,False,False,https://www.ebay.com/itm/388769495712?_skw=nike&itmmeta=01K3FQRK6VRV36DJWASFBCEYQ0&hash=item5a8477baa0:g:avgAAeSwELdoivZN&itmprp=enc%3AAQAKAAAA4FkggFvd1GGDu0w3yXCmi1eGMWKBSUaPTIRuGPDxr5nS3BCHf2DnZEJa32dbg5UMUYlvTxkR3cXux%2BX0EZIlTV88iqnq0kL282%2BtshuQOH4tuBZo1%2Bs5sKgYKB473TSBdEeeZQ3cw4%2B9yPx9zMyRO4M57EcdwLkRx0XmzsKJC8IkHXP3xsPOSGgf4wgjrhYaI7ac11TxbJn3Bika66nQh2EVcwBDY%2BG4q8My3fcW%2BX5nCtw7ROyOO0R04F2R1zNKhYrjI9Mr%2BW3U%2BY3%2Fu1H5Qibyr0PMsKoFHRIXm%2FaLTGrE%7Ctkp%3ABk9SR-Cz4vebZg&pfm=1,https://i.ebayimg.com/images/g/avgAAeSwELdoivZN/s-l300.webp,2025-08-25T12:28:42.736936
Nike Dunk Low Sail Wheat Orange Men Classic Casual Shoes Sneakers HM3729-181,89.56,$89.56,Brand New,Free International Shipping,Located in Taiwan,N/A,0,0,N/A,True,False,False,False,https://www.ebay.com/itm/197152197608?_skw=nike&epid=2341684911&itmmeta=01K3FQRK6VWGX6JX3B5842SHFC&hash=item2de72fcbe8:g:j4sAAOSwRZ9n5VbZ&itmprp=enc%3AAQAKAAAA4FkggFvd1GGDu0w3yXCmi1c4f7lSDBnbMiG4UfBcleIV5%2BZ5mZVSSfoXd5d5G2PKAfdlmGEsS5ajjqE6SIrjrhGORUxzUkVCXMKTMCrvCw6TJv8sbxtZlh6VWgS5u7bqEDgl6icfxqQBca8s9U97N3QbdBqZ5s69zG6ZA4yZz94vmlrE7oW2HJRvmx4pDpSbE4nR8iJ2NeJrPmpD51GOV%2BuZ9%2B%2F66slcoMt7qfkcBERo35Xs81aiyCXEWnIOBKvdP%2FQvQbEIe%2Bic%2F3sM3kQjHaHMUDf9VRecQ3Jz%2Bfb6M%2B1j%7Ctkp%3ABk9SR-Cz4vebZg&pfm=1,https://i.ebayimg.com/images/g/j4sAAOSwRZ9n5VbZ/s-l300.webp,2025-08-25T12:28:42.736936
"Nike Air Jordan 1 Mid SE ""Black Denim"" HJ4363-001 Men's  New with box",135.0,$135.00to$182.00,Brand New,Free International Shipping,Located in Japan,N/A,0,0,N/A,True,False,False,False,https://www.ebay.com/itm/388036697741?_skw=nike&epid=2342340665&itmmeta=01K3FQRK6V26TD1V55W8CMWRX6&hash=item5a58ca1e8d:g:g00AAOSwC8pnyD8h&itmprp=enc%3AAQAKAAAAwFkggFvd1GGDu0w3yXCmi1cv%2FWJUm4EwMXpyt5oaufyssRt1lYuMFFkf8QAvntQo6vvIG95bf7l84ZUMXdwsI%2F9KXPdYna29BBBytdZwJPeK0A3QbY%2FZfGwhUTCp7ob9avrunJiqv5papH5TV6xm1yBTcAWrNxVJzSb1ppZWgL6l8X2pHZO0%2BtIxytvOKp4jI0XvD%2FpidbL9%2Frah3Vx4Aq8BitK9lQAEqSndfLFWyLQE9YRUXseuale7x0X9wYCklA%3D%3D%7Ctkp%3ABk9SR-Cz4vebZg&pfm=1,https://i.ebayimg.com/images/g/g00AAOSwC8pnyD8h/s-l300.webp,2025-08-25T12:28:42.736936
Nike Air Max 90 Drift in Brown and Blue All Sizes Limited Stock,259.76,$259.76,Brand New,N/A,Located in United Kingdom,N/A,0,0,N/A,True,False,False,False,https://www.ebay.com/itm/156903713082?_skw=nike&itmmeta=01K3FQRK6VDEGNC06T0XDE6N1A&hash=item248830a93a:g:eAgAAOSwSaRn~-8G&itmprp=enc%3AAQAKAAAA4FkggFvd1GGDu0w3yXCmi1fwj0wV%2FhqXsdP4UOw%2BJaKCusx3pi8WIP0p6p50fXgyiYPEAOyIjqhhmzgeP1kPSKrF%2Bv%2F7hDjCRRIPTnOp63wFNJtev7pinAwAXOBaiXTo%2Fn%2FJqJKAcIX5lEsO42k2AA%2BnxKhR30%2BqoTJC2YcftDV409Po%2BLDtAGKCypOzB4uWeVurgP6EHiGfix2zGRLkjb3QuNuVFgWWllrik4hDsj6y%2B0OM4gn4bBX19Yy%2FVH8SIBCwoLBFpRfQ7kjgta0NaobTXZU0iCi0kavN9v6RQ3qG%7Ctkp%3ABk9SR-Cz4vebZg&pfm=1,https://i.ebayimg.com/images/g/eAgAAOSwSaRn~-8G/s-l300.webp,2025-08-25T12:28:42.736936
Nike Dunk Low Retro HF5441-001 Denim Turquoise Men's Size US3-18 New,127.5,$127.50,Brand New,Free International Shipping,Located in Japan,N/A,0,0,N/A,True,False,False,False,https://www.ebay.com/itm/197512114252?_skw=nike&epid=9074921833&itmmeta=01K3FQRK6V6Q13QP27PZVNBAMM&hash=item2dfca3b04c:g:aHAAAeSwFRVopYmz&itmprp=enc%3AAQAKAAAA4FkggFvd1GGDu0w3yXCmi1d0utshfsrQ8nXyCfXCIHOrMdjslHxCtR%2FHFvcgGya0U92FDSIgrMbq7f129KbS7KNeDf%2FGRdxLbIJ6RrXwwap4zlQrmM%2BPMcFMiykhMQPTtrZA%2FLVFTaWxiTx80ndAYSyYQWJd6kIUvrm0abslTzlazmQdlln4xdyNNlB41jw6VaepDEosENM21902%2B1ubP3S0vpG6vbLnuhhBZiX2ucpjw5tN4sLO9LAGx2pbN9dy3%2Bf%2BsBL4Y9pRbsTc8vscPS1aPxegaX%2F7ZAzV73ZhSz9F%7Ctkp%3ABk9SR-Cz4vebZg&pfm=1,https://i.ebayimg.com/images/g/aHAAAeSwFRVopYmz/s-l300.webp,2025-08-25T12:28:42.736936
US Sizes (5.5 - 13) - Nike Air Force 1 Low Supreme Black,129.99,$129.99,Brand New,N/A,Located in United Kingdom,N/A,0,0,N/A,True,False,False,False,https://www.ebay.com/itm/167639867907?_skw=nike&epid=25076699190&itmmeta=01K3FQRK6VDNGEXD3WY87SGVNP&hash=item27081d6203:g:Q1UAAeSw4SNocDoP&itmprp=enc%3AAQAKAAAAwFkggFvd1GGDu0w3yXCmi1f1xlkOjM5wfsE1kiEqzqnFdH7ejE5LatAgTJi6KMfNdVevVIw6oQvw%2BL%2B3OoCM4NEjlr3A1aDzZt1iKiBbjUyHAWVLgPxN%2FtajG3tnIohXopaq2N773F677GnfJppHUzPST5lcEhRLE%2FPV15s5pTVqd0E6se%2Bubr3tlhPffwEUc%2F04gBPBv6CWSNCkDzqP9JoDWWng3AmvfXmoTlHwrDJUvSalLShdIOVqY5%2FRFD68AA%3D%3D%7Ctkp%3ABk9SR-Cz4vebZg&pfm=1,https://i.ebayimg.com/images/g/Q1UAAeSw4SNocDoP/s-l300.webp,2025-08-25T12:28:42.753735
Nike Air Force 1 Low Supreme Black CU9225-001-05.0 Men's,165.95,$165.95,Brand New,N/A,Located in United States,N/A,0,0,N/A,True,False,False,False,https://www.ebay.com/itm/314851828184?_skw=nike&itmmeta=01K3FQRK6VRJRD6VGM07Y50ABQ&hash=item494ea1a1d8:g:puwAAOSwbDhlMsJ5&itmprp=enc%3AAQAKAAAA4FkggFvd1GGDu0w3yXCmi1eZe%2FCMoJxkjEGg5N3FCk6yZMxhK2CxoKleZQpR%2F7E2DvLdvOOprHPuOmAWZKleOx03LWkHONPNqzVrNHaXYZl%2FR4X8kqvkHqJ3iqg0FX7zBWX3hOnx9SVKCxtXiFJhUSLeEl6uWuyB%2B9Cml1rMx9OTVGY6loOoqcwKpWl%2FoAeQK8XF%2FftPRR%2By4QwIZY9NFiY9usk9G8u55ZXHrmHOW0829yIxPh3pPQXl7fPz5bkI%2BuDU%2BeDCUA%2BHOe9R8WvOTtL%2FxQwkqIU4aGCSdGcs1U7B%7Ctkp%3ABk9SR-Cz4vebZg&pfm=1,https://i.ebayimg.com/images/g/puwAAOSwbDhlMsJ5/s-l300.webp,2025-08-25T12:28:42.753735
